Name_ZH,Name_MY,District_ZH,District_MY,State_ZH,State_MY,Year,latlng
新路村,Pauh Setia,加央,Kangar,玻璃市,Perlis,1956,6.438084°N 100.301644°E
加基武吉,Kaki Bukit,加央,Kangar,玻璃市,Perlis,,6.643650°N 100.208078°E
 基锐,Kejai,华玲,Baling,吉打,Kedah,1950,5.551044°N 100.729479°E
 甘光拉兰,Kampung Lalang,华玲,Baling,吉打,Kedah,1950,5.790341°N 100.894927°E
 瓜拉吉底,Kuala Ketil,华玲,Baling,吉打,Kedah,1950,5.604284°N 100.650783°E
 瓜拉不干,Kuala Pegang,华玲,Baling,吉打,Kedah,1950,5.636025°N 100.809639°E
 居邦,Kupang,华玲,Baling,吉打,Kedah,1950,5.636893°N 100.844121°E
 打活,Tawar,华玲,Baling,吉打,Kedah,1950,5.595712°N 100.772926°E
峇眼三目,Bagan Samak,万拉峇鲁,Bandar Baharu,吉打,Kedah,1952,"5.090819°N 100.5592566°E	"
司南马,Selama,万拉峇鲁,Bandar Baharu,吉打,Kedah,1952,5.233486°N 100.682638°E
西岭（怡源） ,Serdang (Ee Yuan),万拉峇鲁,Bandar Baharu,吉打,Kedah,1952,5.206949°N 100.615523°E
麻杭,Mahang,万拉峇鲁,Bandar Baharu,吉打,Kedah,1952,5.320731°N 100.748169°E
加拉岸,Karangan,万拉峇鲁,Bandar Baharu,吉打,Kedah,1952,
三巴央 ,Junjong,万拉峇鲁,Bandar Baharu,吉打,Kedah,1952,5.297478°N 100.534488°E
新港,Bukit Besar,万拉峇鲁,Bandar Baharu,吉打,Kedah,,5.4577229°N 100.5633676°E
吕蒙文打,Lubok Buntar,万拉峇鲁,Bandar Baharu,吉打,Kedah,,5.139635°N 100.590418°E
波各先那,Pokok Sena,哥打士打,Kota Setar,吉打,Kedah,1951,
蔗芭村,Kilang Tebu,哥打士打,Kota Setar,吉打,Kedah,,6.105°N 100.3513889°E
十字港,Simpang Empat,哥打士打,Kota Setar,吉打,Kedah,,6.024360°N 100.381952°E
 美农,Bedong,瓜拉姆达,Kuala Muda,吉打,Kedah,1952,5.728031°N 100.509494°E
 武吉士南卯,Bukit Selambau,瓜拉姆达,Kuala Muda,吉打,Kedah,1950,5.682561°N 100.633960°E
 莪仑,Gurun,瓜拉姆达,Kuala Muda,吉打,Kedah,1954,5.808555°N 100.477225°E
 仁岭,Jening,瓜拉姆达,Kuala Muda,吉打,Kedah,1950,5.814001°N 100.631248°E
 马莫,Merbok,瓜拉姆达,Kuala Muda,吉打,Kedah,1953,5.721789°N 100.413712°E
 巴东伦武,Padang Lembu,瓜拉姆达,Kuala Muda,吉打,Kedah,1950,5.841295°N 100.535944°E
 新文英,Semiling,瓜拉姆达,Kuala Muda,吉打,Kedah,1952,5.701286°N 100.472268°E
 双溪拉兰,Sungai Lalang,瓜拉姆达,Kuala Muda,吉打,Kedah,1952,5.698234°N 100.514914°E
 樟仑,Changlun,樟仑,Changlun,吉打,Kedah,1952,6.432968°N 100.429609°E
 双溪加拉岸,Sungai Karangan,居林,Kulim,吉打,Kedah,1952,5.420775°N 100.667191°E
 老火较,Kelang Lama,居林,Kulim,吉打,Kedah,1952,5.388926°N 100.566936°E
 硕莪廊,Kilang Sago,居林,Kulim,吉打,Kedah,1952,5.371071°N 100.551454°E
 鲁乃,Lunas,居林,Kulim,吉打,Kedah,1952,5.431124°N 100.534097°E
 巴东色海,Padang Serai,居林,Kulim,吉打,Kedah,1952,5.510960°N 100.555920°E
 双溪谷,Sungai Kob,居林,Kulim,吉打,Kedah,1952,5.426795°N 100.643555°E
六支碑村（顺安）,Bukit 6 (Bukit Lada),居林,Kulim,吉打,Kedah,,5.4577229°N 100.5633676°E
 那加,Pekan Naka,巴东得腊,Padag Terap,吉打,Kedah,1952,6.137784°N 100.673147°E
 柏鲁,Tanjong Thai (Pedu),巴东得腊,Padag Terap,吉打,Kedah,1952,6.230379°N 100.694777°E
 古拉,Kura,锡 ,Sik,吉打,Kedah,1952,5.946123°N 100.667423°E
 南美,Nami,锡 ,Sik,吉打,Kedah,1952,6.050276°N 100.778152°E
武拉必,Berapit,威省中区,Seberang Perai Tengah,槟城,Penang,1954,5.381714°N 100.472257°E
柔府,Juru,威省中区,Seberang Perai Tengah,槟城,Penang,1954,5.314125°N 100.44358°E
巴章武莫,Machang Bubok,威省中区,Seberang Perai Tengah,槟城,Penang,1954,5.333998°N 100.508155°E
峇东丁宜,Permatang Tinggi,威省中区,Seberang Perai Tengah,槟城,Penang,1954,5.301277°N 100.478507°E
双溪里武,Sungai Lembu,威省中区,Seberang Perai Tengah,槟城,Penang,1954,5.390258°N 100.523077°E
甘榜峇汝,Kampung Bahru,威省中区,Seberang Perai Tengah,槟城,Penang,,5.3426°N 100.4708°E
平安村,Kampung Selamat,威省中区,Seberang Perai Tengah,槟城,Penang,,5.504918°N 100.514779°E
瓜夷,Jawi,威省南区,Seberang Perai Selatan,槟城,Penang,1954,5.211444°N 100.495237°E
双溪格吉,Sungai Kecil,威省南区,Seberang Perai Selatan,槟城,Penang,1954,5.164411°N 100.523190°E
华都村,Kampung Val Dor,威省南区,Seberang Perai Selatan,槟城,Penang,1954,5.241635°N 100.491300°E
威利斯里,Wellesley,威省南区,Seberang Perai Selatan,槟城,Penang,1954,5.211821°N 100.516084°E
樟角村,Changkat,威省南区,Seberang Perai Selatan,槟城,Penang,,5.198436°N 100.469718°E
武吉淡纹峇眼,Bagan Bukit Tambun,威省南区,Seberang Perai Selatan,槟城,Penang,,5.274689°N 100.444173°E
高渊港口,Sungai Udang,威省南区,Seberang Perai Selatan,槟城,Penang,,5.165217°N 100.427857°E
亚当君令,Ayer Kuning,巴登峇当,Batang Padang,霹雳,Perak,1950,4°11′21″N 101°08′33″E
万岭,Banir,巴登峇当,Batang Padang,霹雳,Perak,1950,4°12′32″N 101°10′48″E
万岭园,Banir Estate,巴登峇当,Batang Padang,霹雳,Perak,1950,4°13′21″N 101°13′35″E
美冷车站,Behrang Stesyen,巴登峇当,Batang Padang,霹雳,Perak,1950,3°44′35″N 101°26′59″E
美冷呼噜,Behrang Stesyen,巴登峇当,Batang Padang,霹雳,Perak,1950,3°45′21″N 101°29′47″E
美罗,Bidor,巴登峇当,Batang Padang,霹雳,Perak,1950,4°07′00″N 101°17′21″E
美罗车站,Bidor Stesyen,巴登峇当,Batang Padang,霹雳,Perak,1950,4°06′20″N 101°16′02″E
宝结百家,Bukit Pagar,巴登峇当,Batang Padang,霹雳,Perak,1950,4°11′10″N 101°15′59″E
积莪营,Chenderiang,巴登峇当,Batang Padang,霹雳,Perak,1951,4°15′53″N 101°14′16″E
甘榜冷水河,Kampung Coldstream,巴登峇当,Batang Padang,霹雳,Perak,1950,4°02′37″N 101°14′23″E
各多庸,Kentoyong,巴登峇当,Batang Padang,霹雳,Perak,1950,3.689577°N 101.516274°E
金榜彭亨,Kampung Pahang,巴登峇当,Batang Padang,霹雳,Perak,1951,4°13′02″N 101°16′32″E       
瓜拉美金,Kuala Bikam,巴登峇当,Batang Padang,霹雳,Perak,1950,4°01′21″N 101°14′36″E
北根吉打,Pekan Getah,巴登峇当,Batang Padang,霹雳,Perak,1950,4°11′18″N 101°13′30″E
不干巴沙,Pekan Pasir,巴登峇当,Batang Padang,霹雳,Perak,1951,4°04′09″N 101°17′14″E
宋溪古罗,Pekan Pasir,巴登峇当,Batang Padang,霹雳,Perak,1950,4°13′8″N 101°08′24″E
仕林河,Slim River,巴登峇当,Batang Padang,霹雳,Perak,1950,3°49′54″N 101°24′02″E
仕林新村,Slim Village,巴登峇当,Batang Padang,霹雳,Perak,1950,3°50′57″N 101°28′51″E
宋溪,Sungkai,巴登峇当,Batang Padang,霹雳,Perak,1951,3°59′41″N 101°18′38″E
丹那马士,Tanah Mas,巴登峇当,Batang Padang,霹雳,Perak,1950,4°08′41″N 101°15′58″E
打巴路,Tapah Road,巴登峇当,Batang Padang,霹雳,Perak,1952,4°10′19″N 101°11′30″E
地摩 ,Temoh,巴登峇当,Batang Padang,霹雳,Perak,1950,4°14′27″N 101°11′42″E
地罗力,Terolak,巴登峇当,Batang Padang,霹雳,Perak,1950,
阿依溪,Ayer Hitam,下霹雳,Hilir Perak,霹雳,Perak,1950,
十二碑,Batu 12,下霹雳,Hilir Perak,霹雳,Perak,1950,4°00′12″N 101°10′26″E
八英里,"Batu 8, Changkat Jong",下霹雳,Hilir Perak,霹雳,Perak,1951,
五丰路,Goh Hong,下霹雳,Hilir Perak,霹雳,Perak,1960,4°01′39″N 101°08′02″E
水闸,Chui Chak,下霹雳,Hilir Perak,霹雳,Perak,1950,4°02′41″N 101°10′20″E
冷甲,Langkap,下霹雳,Hilir Perak,霹雳,Perak,1950,4°04′18″N 101°08′57″E
巴拉湾,Pahlawan,下霹雳,Hilir Perak,霹雳,Perak,1949,4°04′00″N 101°11′15″E
芭尾,Pasir Bedamar,下霹雳,Hilir Perak,霹雳,Perak,1950,4°02′06″N 101°00′21″E
新邦安拔,Simpang Empat,下霹雳,Hilir Perak,霹雳,Perak,1950,3°53′46″N 100°56′13″E
阿育加拉,Ayer Kala,上霹雳,Hulu Perak,霹雳,Perak,1951,5°11′41″N 101°03′26″E
巴都鲁亚,Batu 2,上霹雳,Hulu Perak,霹雳,Perak,1950,5°27′08″N 101°01′24″E
仁丹,Klian Intan,上霹雳,Hulu Perak,霹雳,Perak,1952,5°38′09″N 101°01′24″E
哥打淡板新村,Klian Intan,上霹雳,Hulu Perak,霹雳,Perak,1952,5°03′21″N 100°57′57″E
瓜拉雷新村,Kuala Rui,上霹雳,Hulu Perak,霹雳,Perak,1957,5°27′29″N 101°10′14″E
巴登古鲁,Padang Gerus,上霹雳,Hulu Perak,霹雳,Perak,1951,5°09′56″N 101°00′55″E
高乌,Pengkalan Hulu,上霹雳,Hulu Perak,霹雳,Perak,1959,5°42′16″N 101°02′08″E
士力百加,Selat Pagar,上霹雳,Hulu Perak,霹雳,Perak,1950,5°10′45″N 101°02′08″E
打昔,Tasek,上霹雳,Hulu Perak,霹雳,Perak,1950,5°39′58″N 100°58′21″E
一号村,U.P.R.A.(1),上霹雳,Hulu Perak,霹雳,Perak,1951,
八号村,U.P.R.A.(8),上霹雳,Hulu Perak,霹雳,Perak,1951,5°26′02″N 101°07′41″E
巴立武,Balik Bukit,吉辇,Kerian,霹雳,Perak,1950,
甘榜司南末,Kampung Selamat,吉辇,Kerian,霹雳,Perak,1950,
暗邦,Ampang Baru,近打 ,Kinta,霹雳,Perak,1953,4°35′14″N 101°07′48″E
百利,Bali,近打 ,Kinta,霹雳,Perak,1951,4°23′38″N 101°00′20″E
民万,Bemban,近打 ,Kinta,霹雳,Perak,1950,4°27′29.30″N 101°0′43.25″E
巴占新村,Kampung Bereham,近打 ,Kinta,霹雳,Perak,1950,4°38′18″N 101°07′41″E
红泥山,Bukit Merah,近打 ,Kinta,霹雳,Perak,1950,4°33′6.3″N 101°2′25″E
文冬,Buntong,近打 ,Kinta,霹雳,Perak,1950,4°35′53″N 101°03′48″E
曾吉京丁,Changkat Kinding,近打 ,Kinta,霹雳,Perak,1951,4°41′58″N 101°09′03″E
珠宝,Chemor R.A.,近打 ,Kinta,霹雳,Perak,1950,4°43′17″N 101°07′08″E
贞德隆,Chenderong,近打 ,Kinta,霹雳,Perak,1950,4°24′26″N 101°03′02″E
华林市,Falim,近打 ,Kinta,霹雳,Perak,1950,4°34′54″N 101°03′49″E
喜明村/布先,Gunung Hijau/ Pusing,近打 ,Kinta,霹雳,Perak,1950,4°29′27″N 101°00′20″E
昆仑喇叭新村,Gunung Rapat,近打 ,Kinta,霹雳,Perak,1950,4°34′20″N 101°07′13″E
印度徒置村（曾吉）,Indian Settlelement (Desa Changkat),近打 ,Kinta,霹雳,Perak,1951,4°28′39″N 101°01′44″E
九洞,Jelapang,近打 ,Kinta,霹雳,Perak,1953,4°38′14″N 101°03′35″E
也南,Jeram,近打 ,Kinta,霹雳,Perak,1950,
师美新村,Kampung Simee,近打 ,Kinta,霹雳,Perak,1950,4°37′03″N 101°06′36″E
甘榜斗华,Kampung Tawas,近打 ,Kinta,霹雳,Perak,1951,4°38′54″N 101°06′01″E
甘榜地马,Kampung Timah,近打 ,Kinta,霹雳,Perak,1951,4°16′58″N 101°03′13″E
拱桥,Kanthan Bharu,近打 ,Kinta,霹雳,Perak,1951,4°44′30″N 101°07′06″E
新咖啡山,Kopisah Baru,近打 ,Kinta,霹雳,Perak,1950,
瓜拉光,Kuala Kuang,近打 ,Kinta,霹雳,Perak,1951,4°44′30″N 101°07′06″E
拿乞,Lahat,近打 ,Kinta,霹雳,Perak,1950,4°32′17″N 101°02′14″E
拉湾古打,Lawan Kuda Baru,近打 ,Kinta,霹雳,Perak,1950,
 林旦,Lim Tan,近打 ,Kinta,霹雳,Perak,1950,4°39′32″N 101°09′27″E
双溪古月,Malim Nawar,近打 ,Kinta,霹雳,Perak,1950,
万邦刁湾,Mambang Di Awan,近打 ,Kinta,霹雳,Perak,1950,
万里望,Menglembu,近打 ,Kinta,霹雳,Perak,1951,4°39′32″N 101°09′27″E
那拉,Nalla,近打 ,Kinta,霹雳,Perak,1951,4°25′22″N 100°58′37″E
甲板,Papan,近打 ,Kinta,霹雳,Perak,1950,4°30′54″N 101°00′44″E
新甲板,Papan Baru,近打 ,Kinta,霹雳,Perak,1957,4°30′12″N 101°00′58″E
兵如港,Pasir Pinji,近打 ,Kinta,霹雳,Perak,1950,4°34′29″N 101°05′19″E
新和园,Pasir Puteh Baru,近打 ,Kinta,霹雳,Perak,1950,
新邦波赖,Simpang Pulai,近打 ,Kinta,霹雳,Perak,1951,4°31′49″N 101°07′33″E
双溪榴莲,Sungai Durian,近打 ,Kinta,霹雳,Perak,1951,4°19′05″N 101°02′07″E
石打脚,Sungai Siput,近打 ,Kinta,霹雳,Perak,1950,
打扪,Tambun,近打 ,Kinta,霹雳,Perak,1952,4°36′27″N 101°08′16″E
丹那依淡,Tanah Hitam,近打 ,Kinta,霹雳,Perak,1951,4°43′40″N 101°08′33″E
红毛丹,Tanjong Rambutan RA,近打 ,Kinta,霹雳,Perak,1950,4°40′12.54″N 101°9′16.94″E
督亚冷,Tanjong Tualang,近打 ,Kinta,霹雳,Perak,1950,4°19′34″N 101°03′26″E
东兴港,Tronoh Mines,近打 ,Kinta,霹雳,Perak,1950,
瑶伦,Jerlun,江沙,Kuala Kangsar,霹雳,Perak,1952,4°43′58″N 100°54′36″E
加赖,Kampung Karai,江沙,Kuala Kangsar,霹雳,Perak,1951,
永梧,Kati,江沙,Kuala Kangsar,霹雳,Perak,1950,4°52′34″N 100°54′25″E
叻沙,Lasah,江沙,Kuala Kangsar,霹雳,Perak,1951,4°57′19″N 101°07′18″E
利民加地,Liman Kati,江沙,Kuala Kangsar,霹雳,Perak,1951,4°51′06″N 100°54′06″E
连登,Lintang,江沙,Kuala Kangsar,霹雳,Perak,1950,4°56′19″N 101°06′08″E
万浓,Manong,江沙,Kuala Kangsar,霹雳,Perak,1954,4°35′38″N 100°52′53″E
硝山,Padang Rengas,江沙,Kuala Kangsar,霹雳,Perak,1952,4°46′27″N 100°50′33″E
林马班让,Rimba Panjang,江沙,Kuala Kangsar,霹雳,Perak,1951,4°47′52″N 101°06′04″E
新沙力,Salak Baharu,江沙,Kuala Kangsar,霹雳,Perak,1950,4°50′30″N 100°59′37″E
沙力北,Salak Utara,江沙,Kuala Kangsar,霹雳,Perak,1950,4°50′05″N 101°00′30″E
新寿活新村,Sauk,江沙,Kuala Kangsar,霹雳,Perak,1950,4°56′05″N 100°55′16″E
竹芭,Sungai Buluh,江沙,Kuala Kangsar,霹雳,Perak,1951,4°49′13″N 101°03′47″E
新邦也郎,Simpang Jalong,江沙,Kuala Kangsar,霹雳,Perak,1952,4°49′23″N 101°05′31″E
亚逸都润,Ayer Terjun,拉律马当 ,Larut Matang,霹雳,Perak,1950,4°38′33.9″N 100°42′40.4″E
后廊,Aulong,拉律马当 ,Larut Matang,霹雳,Perak,1952,4°51′11.5″N 100°42′45.9″E
峇眼峇汝,Bagan Baharu,拉律马当 ,Larut Matang,霹雳,Perak,1953,
峇都古楼,Batu Kurau,拉律马当 ,Larut Matang,霹雳,Perak,1956,4°58′29.4″N 100°47′58.6″E
新路口,Changkat Jering,拉律马当 ,Larut Matang,霹雳,Perak,1950,4°47′27.4″N 100°43′13.7″E
日睐,Jelai,拉律马当 ,Larut Matang,霹雳,Perak,1952,5°00′43.2″N 100°48′37.9″E
甘文丁,Kamunting,拉律马当 ,Larut Matang,霹雳,Perak,1956,4°53′27.6″N 100°44′05.1″E
甘榜槟榔,Kampung Pinang,拉律马当 ,Larut Matang,霹雳,Perak,1956,4°53′00.7″N 100°43′34.6″E
瓜拉十八丁,Kuala Sepetang,拉律马当 ,Larut Matang,霹雳,Perak,1952,4°50′18.7″N 100°37′44.6″E
古武加牙,Kubu Gajah,拉律马当 ,Larut Matang,霹雳,Perak,1950,5°09′51.7″N 100°40′35.5″E
马登,Matang,拉律马当 ,Larut Matang,霹雳,Perak,1950,4°49′11.4″N 100°40′16.2″E
峇登牙也,Padang Gajah,拉律马当 ,Larut Matang,霹雳,Perak,1954,4°36′54.3″N 100°42′59″E
大直弄,Pasir Hitam,拉律马当 ,Larut Matang,霹雳,Perak,1950,4°38′51.1″N 100°36′56.4″E
保阁亚三,Pokok Assam,拉律马当 ,Larut Matang,霹雳,Perak,1951,4°49′42.3″N 100°44′18.4″E
拿都班央,Rantau Panjang,拉律马当 ,Larut Matang,霹雳,Perak,1950,5°14′25″N 100°43′49.4″E
连登班央,Redang Panjang,拉律马当 ,Larut Matang,霹雳,Perak,1950,5°06′56.9″N 100°46′59.2″E
双溪任浪,Sungai Dendang,拉律马当 ,Larut Matang,霹雳,Perak,1950,
双溪古隆,Sungai Kerang,拉律马当 ,Larut Matang,霹雳,Perak,1952,4°35′46.6″N 100°40′54.3″E
双溪罗丹,Sungai Rotan,拉律马当 ,Larut Matang,霹雳,Perak,1950,4°33′21.5″N 100°44′05″E
双溪达立,Sungai Terap,拉律马当 ,Larut Matang,霹雳,Perak,1950,5°12′12.6″N 100°41′01.0″E
 新板 ,Simpang,拉律马当 ,Larut Matang,霹雳,Perak,1952,4°49′13.2″N 100°42′37.5″E
淡布落,Temerloh,拉律马当 ,Larut Matang,霹雳,Perak,1950,4°39′06.3″N 100°41′33.8″E
直弄,Terung,拉律马当 ,Larut Matang,霹雳,Perak,1952,4°42′28.9″N 100°43′12.9″E
爱大华,Ayer Tawar,曼绒,Manjung,霹雳,Perak,1951,4°17′38″N 100°45′33″E
木歪,Beruas,曼绒,Manjung,霹雳,Perak,1951,4°29′56″N 100°47′26″E
莫珍歪,Changkat Keruing,曼绒,Manjung,霹雳,Perak,1951,4°22′38″N 100°41′12″E
福清洋,Kampung Cina Sitiawan,曼绒,Manjung,霹雳,Perak,1951,4°11′39″N 100°41′07″E
哲仁新村,Kampung Jering,曼绒,Manjung,霹雳,Perak,1951,4°20′47″N 100°46′41″E
甘文阁,Kampung Koh,曼绒,Manjung,霹雳,Perak,1951,4°11′19″N 100°42′19″E
甘榜马坡,Kampung Merbau,曼绒,Manjung,霹雳,Perak,1951,4°20′05″N 100°43′48″E
葛尼市,Pekan Gurney,曼绒,Manjung,霹雳,Perak,1951,4°13′21″N 100°44′39″E
拉惹依淡,Pekan Gurney,曼绒,Manjung,霹雳,Perak,1951,4°20′12″N 100°45′02″E
二条路,Simpang Dua,曼绒,Manjung,霹雳,Perak,1951,4°12′08″N 100°43′50″E
五条路,Simpang Lima,曼绒,Manjung,霹雳,Perak,1951,4°14′51″N 100°45′31″E
双溪峇都,Sungai Batu,曼绒,Manjung,霹雳,Perak,1951,4°25′54″N 100°39′21″E
甲洞乌鲁,Kepong Ulu,鹅唛,Gombak,雪兰莪,Selangor,1950,3.227997°N 101.634236°E
淡江,Kuala Ampang,鹅唛,Gombak,雪兰莪,Selangor,1951,3.166321°N 101.748297°E
根登,Kundang,鹅唛,Gombak,雪兰莪,Selangor,1951,3.277790°N 101.513263°E
万挠,Sungai Terentang,鹅唛,Gombak,雪兰莪,Selangor,1951,3.308919°N 101.586184°E
轰埠,Kuang,鹅唛,Gombak,雪兰莪,Selangor,1950,3.254349°N 101.553343°E
煤炭山,Batu Arang,鹅唛,Gombak,雪兰莪,Selangor,,3.315147°N 101.470195°E
拿督李金狮村,Dato′ Lee Kim Sai,鹅唛,Gombak,雪兰莪,Selangor,,3.309920°N 101.577165°E
太平村,Desa Aman,鹅唛,Gombak,雪兰莪,Selangor,,3.204432°N 101.595561°E
瓜拉加冷,Desa Kuala Garing,鹅唛,Gombak,雪兰莪,Selangor,,3.338629°N 101.563273°E
瓜拉加冷南区,Kuala Garing Selatan,鹅唛,Gombak,雪兰莪,Selangor,,3.31715°N 101.56535°E
林旦村,Lim Tan,鹅唛,Gombak,雪兰莪,Selangor,,3.326609°N 101.571753°E
甘榜拉惹,Kampung Rajah,鹅唛,Gombak,雪兰莪,Selangor,,3.323544°N 101.573420°E
拉旺丁,Rawang Tin,鹅唛,Gombak,雪兰莪,Selangor,,3.318147°N 101.572836°E
美丽村,Sri Indah,鹅唛,Gombak,雪兰莪,Selangor,,3.228439°N 101.575736°E
双溪巴高,"Sungai Bakau (A, B dan C)",鹅唛,Gombak,雪兰莪,Selangor,,3.320796°N 101.530739°E
双溪都亚,Sungai Dua,鹅唛,Gombak,雪兰莪,Selangor,,3.312644°N 101.561630°E
班达马兰,Pendamaran,巴生,Klang,雪兰莪,Selangor,1952,3.00801°N 101.41338°E
海南村,Bagan Hailam,巴生,Klang,雪兰莪,Selangor,,3.00243°N 101.38657°E
五条港,Bagan Sungai Lima,巴生,Klang,雪兰莪,Selangor,,3.03984°N 101.27830°E
吉胆岛,Pulau Ketam,巴生,Klang,雪兰莪,Selangor,,3.0214°N 101.25245°E
仁嘉隆,Jenjarom,瓜拉冷岳,Kuala Langat,雪兰莪,Selangor,1950,2.87669°N 101.49613°E
丹绒士拔,Tanjong Sepat,瓜拉冷岳,Kuala Langat,雪兰莪,Selangor,1950,2.65969°N 101.55989°E
依约,Ijok Baru,瓜拉雪兰莪,Kuala Selangor,雪兰莪,Selangor,,3.31610°N 101.41404°E
八丁燕带,Batang Berjuntai,瓜拉雪兰莪,Kuala Selangor,雪兰莪,Selangor,,3.37795°N 101.40717°E
峇东,Tiram Setia,瓜拉雪兰莪,Kuala Selangor,雪兰莪,Selangor,,3.42652°N 101.24703°E
峇眼巴西,Bagan Pasir,瓜拉雪兰莪,Kuala Selangor,雪兰莪,Selangor,,3.40143°N 101.17098°E
巴西不南邦,Bagan Pasir Penambang,瓜拉雪兰莪,Kuala Selangor,雪兰莪,Selangor,,3.34753°N 101.25268°E
沙沙兰,Bagan Sasaran (Sungai Buloh),瓜拉雪兰莪,Kuala Selangor,雪兰莪,Selangor,,3.25878°N 101.30479°E
双溪章谷,Bagan Sungai Janggut,瓜拉雪兰莪,Kuala Selangor,雪兰莪,Selangor,,3.17327°N 101.31047°E
双溪加江,Bagan Sungai Kajang,瓜拉雪兰莪,Kuala Selangor,雪兰莪,Selangor,,3.40163°N 101.16918°E
东姑腊,Bagan Sungai Tengkorak,瓜拉雪兰莪,Kuala Selangor,雪兰莪,Selangor,,3.44910°N 101.13439°E
双溪由,Bagan Sungai Yu Baru,瓜拉雪兰莪,Kuala Selangor,雪兰莪,Selangor,,3.35389°N 101.24805°E
蒲种十四哩,"Batu 14, Puchong",八打灵,Petaling,雪兰莪,Selangor,1950,2.99430°N 101.62313°E
白沙罗,Damansara,八打灵,Petaling,雪兰莪,Selangor,1950,3.12952°N 101.63248°E
史里肯邦安（沙登,Seri Kembangan (Serdang),八打灵,Petaling,雪兰莪,Selangor,1950,3.02523°N 101.70299°E
双溪威,Seri Setia (Sungai Way),八打灵,Petaling,雪兰莪,Selangor,1950,3.08941°N 101.61789°E
梳邦,Subang,八打灵,Petaling,雪兰莪,Selangor,1950,3.14302°N 101.53612°E
双溪毛糯,Sungai Buloh,八打灵,Petaling,雪兰莪,Selangor,1950,3.19784°N 101.56506°E
千百家村,Kampung Cempaka,八打灵,Petaling,雪兰莪,Selangor,,3.11727°N 101.59855°E
18 适耕庄 A 村,"Site A, Sekinchan",沙白安南,Sabak Bernam,雪兰莪,Selangor,1951,3.52626°N 101.142°E
19 适耕庄 B 村,"Site B, Sekinchan",沙白安南,Sabak Bernam,雪兰莪,Selangor,1951,3.50304°N 101.10771°E
20 适耕庄 C 村,"Site C, Sekinchan",沙白安南,Sabak Bernam,雪兰莪,Selangor,1951,3.51380°N 101.10025°E
文丁哥坝,Bagan Beting Kepah,沙白安南,Sabak Bernam,雪兰莪,Selangor,,3.79013°N 100.8286°E
乌暹,Bagan Nakhoda Omar (Simpang BNO),沙白安南,Sabak Bernam,雪兰莪,Selangor,,3.76979°N 100.87623°E
新沟,Bagan Parit Baru,沙白安南,Sabak Bernam,雪兰莪,Selangor,,3.84536°N 100.84521°E
适耕庄海口渔村,Bagan Sekinchan,沙白安南,Sabak Bernam,雪兰莪,Selangor,,3.50324°N 101.09722°E
大港,Bagan Sungai Besar,沙白安南,Sabak Bernam,雪兰莪,Selangor,,3.67160°N 100.98175°E
双武隆,Bagan Sungai Burung,沙白安南,Sabak Bernam,雪兰莪,Selangor,,3.6926°N 100.93593°E
水柳头,Bagan Sungai Lang,沙白安南,Sabak Bernam,雪兰莪,Selangor,,3.84477°N 100.82772°E
浅顶,Bagan Sungai Pulai,沙白安南,Sabak Bernam,雪兰莪,Selangor,,3.72647°N 100.91954°E
直古鲁,Bagan Teluk Rhu,沙白安南,Sabak Bernam,雪兰莪,Selangor,,3.78574°N 100.83381°E
沙叻,Salak,雪邦,Sepang,雪兰莪,Selangor,1952,2.7833°N 101.75158°E
雪邦,Sepang,雪邦,Sepang,雪兰莪,Selangor,1950,2.68731°N 101.74843°E
龙溪,Dengkil,雪邦,Sepang,雪兰莪,Selangor,1950,2.86067°N 101.67971°E
双溪比力,Sungai Pelek,雪邦,Sepang,雪兰莪,Selangor,1950,2.64212°N 101.71227°E
一支港,Batu Satu,雪邦,Sepang,雪兰莪,Selangor,,2.680839°N 101.741858°E
安邦,Ampang,乌鲁冷岳,Hulu Langat,雪兰莪,Selangor,1952,3.137343°N 101.761395°E
无拉港,Balakong,乌鲁冷岳,Hulu Langat,雪兰莪,Selangor,1950,3.028980°N 101.747309°E
万宜,Bangi,乌鲁冷岳,Hulu Langat,雪兰莪,Selangor,1952,2.902257°N 101.783686°E
蕉赖九英里,"Batu 9, Cheras",乌鲁冷岳,Hulu Langat,雪兰莪,Selangor,1950,3.071862°N 101.768841°E
蕉赖十一英里,"Batu 11, Cheras",乌鲁冷岳,Hulu Langat,雪兰莪,Selangor,1950,3.045718°N 101.773333°E
呀吃十四英里,Batu 14，Hulu Langat,乌鲁冷岳,Hulu Langat,雪兰莪,Selangor,1950,3.113403°N 101.814357°E
呀吃十八英里,Batu 18，Hulu Langat,乌鲁冷岳,Hulu Langat,雪兰莪,Selangor,1950,3.115660°N 101.827768°E
士毛月,Semeyih,乌鲁冷岳,Hulu Langat,雪兰莪,Selangor,1952,2.951862°N 101.842633°E
锡米山,Sungai Chua,乌鲁冷岳,Hulu Langat,雪兰莪,Selangor,1950,2.990752°N 101.774445°E
武来岸（打仑）,Broga (Tarun),乌鲁冷岳,Hulu Langat,雪兰莪,Selangor,1950,2.938245°N 101.910494°E
仙水港,Bukit Angkat,乌鲁冷岳,Hulu Langat,雪兰莪,Selangor,,2.995948°N 101.769341°E
关东村,Kwan Tung Baru,乌鲁冷岳,Hulu Langat,雪兰莪,Selangor,,2.982850°N 101.776820°E
热水湖,Air Panas,乌鲁雪兰莪 ,Hulu Selangor,雪兰莪,Selangor,1950,3.59170°N 101.60884°E
亚山公邦,Asam Kumbang，KKB,乌鲁雪兰莪 ,Hulu Selangor,雪兰莪,Selangor,1950,3.56336°N 101.66428°E
峇冬加里,Batang Kali,乌鲁雪兰莪 ,Hulu Selangor,雪兰莪,Selangor,1950,3.46498°N 101.63937°E
双文丹,Serendah,乌鲁雪兰莪 ,Hulu Selangor,雪兰莪,Selangor,1950,3.36448°N 101.59880°E
39 叻思,Rasa,乌鲁雪兰莪 ,Hulu Selangor,雪兰莪,Selangor,1950,3.49422°N 101.63082°E
舍江栋,"Sejantung, Kalumpang",乌鲁雪兰莪 ,Hulu Selangor,雪兰莪,Selangor,1950,3.63528°N 101.56994°E
乌鲁音峇鲁,Ulu Yam Baru,乌鲁雪兰莪 ,Hulu Selangor,雪兰莪,Selangor,1950,3.42198°N 101.66236°E
乌鲁音南马,Ulu Yam Lama,乌鲁雪兰莪 ,Hulu Selangor,雪兰莪,Selangor,1950,3.45405°N 101.64142°E
哈山村,Taman Hassan,乌鲁雪兰莪 ,Hulu Selangor,雪兰莪,Selangor,,3.67243°N 101.51727°E
板厂村,Kilang Papan,乌鲁雪兰莪 ,Hulu Selangor,雪兰莪,Selangor,,3.66973°N 101.53041°E
民友路村,"Kampung Menyuruk, Batang Kali",乌鲁雪兰莪 ,Hulu Selangor,雪兰莪,Selangor,,3.46848°N 101.63597°E
哈仑村,"Kampung Datuk Harun, Serendah",乌鲁雪兰莪 ,Hulu Selangor,雪兰莪,Selangor,,3.36742°N 101.60912°E
柯士干村,"Kampung Koskan, Serendah",乌鲁雪兰莪 ,Hulu Selangor,雪兰莪,Selangor,,3.35966°N 101.56191°E
桢唐尾（真纳）,Chennah,日叻务,Jelebu,森美兰,Negeri Sembilan,1958,
榴莲知贝,Durian Tipus,日叻务,Jelebu,森美兰,Negeri Sembilan,1950,3.11911°N 102.22212°E
半芭新村,Ladang Jelebu,日叻务,Jelebu,森美兰,Negeri Sembilan,1950,2.97497°N 102.05983°E
葫芦顶,Pertang,日叻务,Jelebu,森美兰,Negeri Sembilan,1950,2.95957°N 102.21774°E
古打灵新村,Kampung Petaling,日叻务,Jelebu,森美兰,Negeri Sembilan,1950,2.94837°N 102.05885°E
新邦榴莲,Simpang Durian,日叻务,Jelebu,森美兰,Negeri Sembilan,1950,
新邦葫芦顶,Simpang Pertang,日叻务,Jelebu,森美兰,Negeri Sembilan,1950,2.94292°N 102.2604°E
双溪毛糯新村,Sungai Buloh,日叻务,Jelebu,森美兰,Negeri Sembilan,1949,
双溪文都,Sungai Muntuh,日叻务,Jelebu,森美兰,Negeri Sembilan,1950,3.0199°N 102.08191°E
知知港,Titi,日叻务,Jelebu,森美兰,Negeri Sembilan,1950,2.99773°N 102.07743°E
河沙坝,Hosapa,日叻务,Jelebu,森美兰,Negeri Sembilan,,2.99482°N 102.07491°E
亚逸依淡,Ayer Hitam,仁保,Jempol,森美兰,Negeri Sembilan,1961,2.92971°N 102.3777°E
巴加峇都,Bakar Batu,仁保,Jempol,森美兰,Negeri Sembilan,1950,2.80619°N 102.40394°E
武吉庇劳,Bukit Pilah,仁保,Jempol,森美兰,Negeri Sembilan,1950,2.70792°N 102.50467°E
朱区,Chu Ward,仁保,Jempol,森美兰,Negeri Sembilan,1950,2.8075°N 102.40331°E
甘榜支那,Cina Bahau,仁保,Jempol,森美兰,Negeri Sembilan,1950,
马身新村,Kampung Mahsan,仁保,Jempol,森美兰,Negeri Sembilan,1950,2.83249°N 102.40856°E
甘榜英达,Kampung Indah,仁保,Jempol,森美兰,Negeri Sembilan,1950,2.8122°N 102.40609°E
弄边,Rompin,仁保,Jempol,森美兰,Negeri Sembilan,,2.70601°N 102.50367°E
百家村,Kampung Pak Kah Choon,仁保,Jempol,森美兰,Negeri Sembilan,,
呷啤12里,Kepis Batu 12,仁保,Jempol,森美兰,Negeri Sembilan,,
亚依马旺,Ayer Mawang,瓜拉庇劳,Kuala Pilah,森美兰,Negeri Sembilan,,2.55856°N 102.25708°E
武吉古鲁莪新村,Desa Bukit Gelugor,瓜拉庇劳,Kuala Pilah,森美兰,Negeri Sembilan,1950,2.80199°N 102.31346°E
冷宜,Dangi,瓜拉庇劳,Kuala Pilah,森美兰,Negeri Sembilan,1950,2.64481°N 102.32115°E
及必士10哩,"Kepis, Batu 10",瓜拉庇劳,Kuala Pilah,森美兰,Negeri Sembilan,1950,2.70628°N 102.36649°E
瓜拉油麻坡,Kuala Jemapoh,瓜拉庇劳,Kuala Pilah,森美兰,Negeri Sembilan,1952,"2.7776°N 102.28358°E	"
巴力丁宜,Parit Tinggi,瓜拉庇劳,Kuala Pilah,森美兰,Negeri Sembilan,1950,2.78738°N 102.22218°E
新邦浪谊,Simpang Dangi,瓜拉庇劳,Kuala Pilah,森美兰,Negeri Sembilan,1958,2.63622°N 102.29066°E
乌鲁万邦新村,Desa Ulu Bendol,瓜拉庇劳,Kuala Pilah,森美兰,Negeri Sembilan,1951,
丹那美村 A 村,Desa Tanah Merah Site A,波德申,Port Dickson,森美兰,Negeri Sembilan,1952,2.67861°N 101.7613°E
丹那美村 C 村,Desa Tanah Merah Site C,波德申,Port Dickson,森美兰,Negeri Sembilan,1952,2.61333°N 101.80414°E
双溪立百新村,Desa Sungai Nipah,波德申,Port Dickson,森美兰,Negeri Sembilan,1953,2.62579°N 101.7469°E
叻务八英里新村,Desa Batu 8 Labu,芙蓉,Seremban,森美兰,Negeri Sembilan,1950,2.74129°N 101.85636°E
武来岸新村,Broga,芙蓉,Seremban,森美兰,Negeri Sembilan,1950,2.9358°N 101.91117°E
万茂新村,Desa Mambau,芙蓉,Seremban,森美兰,Negeri Sembilan,1950,2.6686°N 101.91733°E
文丁,Mantin,芙蓉,Seremban,森美兰,Negeri Sembilan,1952,2.82303°N 101.89462°E
汝来,Nilai,芙蓉,Seremban,森美兰,Negeri Sembilan,1952,2.80856°N 101.80225°E
巴音,Pajam,芙蓉,Seremban,森美兰,Negeri Sembilan,1951,2.84311°N 101.84953°E
班底,Pantai,芙蓉,Seremban,森美兰,Negeri Sembilan,1951,2.78781°N 101.99628°E
芭蕾新村,Desa Paroi,芙蓉,Seremban,森美兰,Negeri Sembilan,1950,2.72345°N 102.00026°E
拉杭新村,Desa Rahang,芙蓉,Seremban,森美兰,Negeri Sembilan,1952,2.69564°N 101.96403°E
亚沙,Rasah,芙蓉,Seremban,森美兰,Negeri Sembilan,1951,2.69886°N 101.93247°E
小甘蜜,Sikamat,芙蓉,Seremban,森美兰,Negeri Sembilan,1950,2.74539°N 101.96694°E
乌鲁峇玲珑,Ulu Beranang,芙蓉,Seremban,森美兰,Negeri Sembilan,1950,2.89347°N 101.92842°E
亚逸昆宁新村,Desa Ayer Kuning,淡边,Tampin,森美兰,Negeri Sembilan,1950,2.50786°N 102.47833°E
义乐新村,Desa Gedok,淡边,Tampin,森美兰,Negeri Sembilan,1950,2.54721°N 102.42056°E
金马士,Gemas,淡边,Tampin,森美兰,Negeri Sembilan,1950,2.58542°N 102.6209°E
淡边新村,Gemas,淡边,Tampin,森美兰,Negeri Sembilan,1950,2.47817°N 102.23105°E
林鲁,Lendu (Air Bemban),亚罗牙也,Alor Gajah,马六甲,Melaka,1950,2.35745°N 102.17105°E
马接峇儒,Machap Baru,亚罗牙也,Alor Gajah,马六甲,Melaka,1950,2.38194°N 102.33068°E
马接翁武 （柏美）, Machap Umbor (Permai),亚罗牙也,Alor Gajah,马六甲,Melaka,1950,2.38319°N 102.2774°E
巴也明光新村,Kampung Baru Paya Mengkung,亚罗牙也,Alor Gajah,马六甲,Melaka,1949,2.34626°N 102.06725°E
打波南宁,Taboh Naning,亚罗牙也,Alor Gajah,马六甲,Melaka,1950,2.48124°N 102.18699°E
武吉亚沙汉,Bukit Asahan,野新,Jasin,马六甲,Melaka,1950,2.39414°N 102.54432°E
武吉加东,Bulit Katong,野新,Jasin,马六甲,Melaka,1950,2.32213°N 102.45915°E
安乐新村,Kampung On Lok,野新,Jasin,马六甲,Melaka,1950,2.47166°N 102.38373°E
巴力葛利灵,Parit Keliling,野新,Jasin,马六甲,Melaka,1950,2.35977°N 102.50177°E
冯鹿峇登新村,Pondok Batang,野新,Jasin,马六甲,Melaka,1950,2.3854°N 102.50989°E
新邦木阁,Sempang Bekoh,野新,Jasin,马六甲,Melaka,1950,2.35744°N 102.5121°E
亚逸马吉,Air Manggis,野新,Jasin,马六甲,Melaka,,2.28989°N 102.42792°E
广西村,Kampung Kongsi,野新,Jasin,马六甲,Melaka,,2.27572°N 102.41539°E
安极乐,Ayer Keroh ,马六甲中央区,Melaka Tengah,马六甲,Melaka,1950,2.26373°N 102.28365°E
亚依沙叻,Ayer Salak,马六甲中央区,Melaka Tengah,马六甲,Melaka,1951,"2.27237°N 102.16731°E	"
柏淡乌鲁新村,Bertam Ulu,马六甲中央区,Melaka Tengah,马六甲,Melaka,1950,"2.28885°N 102.19377°E	"
武吉波浪 ,Bukit Beruang,马六甲中央区,Melaka Tengah,马六甲,Melaka,1953,2.24002°N 102.27792°E
武吉南眉,Bukit Rambai,马六甲中央区,Melaka Tengah,马六甲,Melaka,1951,"2.25267°N 102.18284°E	"
双溪乌浪,Sungai Udang,马六甲中央区,Melaka Tengah,马六甲,Melaka,1950,2.28414°N 102.13364°E
丹绒米雅,Tanjong Minyak,马六甲中央区,Melaka Tengah,马六甲,Melaka,1951,2.26388°N 102.19923°E
丁赖,Tiang Dua,马六甲中央区,Melaka Tengah,马六甲,Melaka,1957,2.21417°N 102.3613°E
丹绒吉灵,Tanjung Keling,马六甲中央区,Melaka Tengah,马六甲,Melaka,,2.22284°N 102.16484°E
亚依淡,Ayer Hitam,峇株巴辖,Batu Pahat,柔佛,Johor,1952,1.91817°N 103.17952°E
新港,Kangkar Baharu,峇株巴辖,Batu Pahat,柔佛,Johor,1951,2.06371°N 103.12355°E
南利,Lam Lee,峇株巴辖,Batu Pahat,柔佛,Johor,1952,2.09413°N 103.04598°E
巴力拉惹,Parit Raja,峇株巴辖,Batu Pahat,柔佛,Johor,1951,1.8648°N 103.11241°E
巴力士隆,Parit Sulong,峇株巴辖,Batu Pahat,柔佛,Johor,1951,1.8648°N 103.11241°E
巴力也尼,Parit Yaani,峇株巴辖,Batu Pahat,柔佛,Johor,1951,1.97587°N 102.88282°E
龙引,Rengit,峇株巴辖,Batu Pahat,柔佛,Johor,1952,1.95404°N 103.02586°E
圣模那,Semerah,峇株巴辖,Batu Pahat,柔佛,Johor,1952,1.88331°N 102.7825°E
新加兰,Senggarang,峇株巴辖,Batu Pahat,柔佛,Johor,1952,1.74912°N 103.0523°E
四加亭,Seri Gading,峇株巴辖,Batu Pahat,柔佛,Johor,1950,1.85416°N 103.03044°E
铁山,Seri Medan,峇株巴辖,Batu Pahat,柔佛,Johor,1950,1.98371°N 102.95638°E
中江 ,Tongkang Pcchah,峇株巴辖,Batu Pahat,柔佛,Johor,1954,1.90634°N 102.95057°E
永平,Yong Peng,峇株巴辖,Batu Pahat,柔佛,Johor,1950,2.01111°N 103.06657°E
港脚,Kangkar Senanger,峇株巴辖,Batu Pahat,柔佛,Johor,,2.02659°N 102.883°E
海口,Minyak Beku,峇株巴辖,Batu Pahat,柔佛,Johor,,1.80138°N 102.90553°E
班卒,Panchor,峇株巴辖,Batu Pahat,柔佛,Johor,,1.86702°N 103.003°E
巴力务鲁,Parit Buloh,峇株巴辖,Batu Pahat,柔佛,Johor,,1.88998°N 102.98936°E
新立村,Sin Lik,峇株巴辖,Batu Pahat,柔佛,Johor,,2.07092°N 103.14353°E
峇眼/大巴力,Bagan/Parit Besar,峇株巴辖,Batu Pahat,柔佛,Johor,,1.8479°N 102.85826°E
石文丁,Segenting,峇株巴辖,Batu Pahat,柔佛,Johor,,1.7845°N 102.89324°E
亚逸文满,Ayer Bemban,新山,Johor Bahru,柔佛,Johor,1950,1.69883°N 103.48466°E
万孚,Ban Foo,新山,Johor Bahru,柔佛,Johor,1950,1.56709°N 103.8538°E
武吉峇都,Bukit Batu,新山,Johor Bahru,柔佛,Johor,1950,1.73408°N 103.44379°E
振林山,Gelang Patah,新山,Johor Bahru,柔佛,Johor,1950,1.44942°N 103.58727°E
江加埔来,Kangkar Pulai,新山,Johor Bahru,柔佛,Johor,1950,1.55979°N 103.59284°E
陈厝港,Kangkar Tebrau,新山,Johor Bahru,柔佛,Johor,1951,1.5312°N 103.75577°E
加拉巴沙威,Kelapa Sawit,新山,Johor Bahru,柔佛,Johor,1950,1.67143°N 103.53051°E
古来,Kulai,新山,Johor Bahru,柔佛,Johor,1950,1.6585°N 103.6006°E
五间店,Lima Kedai,新山,Johor Bahru,柔佛,Johor,1950,1.50231°N 103.61698°E
马西,Masai,新山,Johor Bahru,柔佛,Johor,1952,1.49109°N 103.88329°E
班兰,Pandan,新山,Johor Bahru,柔佛,Johor,1950,1.52732°N 103.7667°E
避兰东,Pelentong,新山,Johor Bahru,柔佛,Johor,1950,1.52423°N 103.82266°E
沙令,Saleng,新山,Johor Bahru,柔佛,Johor,1950,1.62975°N 103.63385°E
士年纳,Sedenak,新山,Johor Bahru,柔佛,Johor,1951,1.71063°N 103.52666°E
泗隆,Kampung Seelong,新山,Johor Bahru,柔佛,Johor,1951,1.6301°N 103.69536°E
士乃,Senai,新山,Johor Bahru,柔佛,Johor,1950,1.6012°N 103.64468°E
新港,Sengkang,新山,Johor Bahru,柔佛,Johor,1950,1.68872°N 103.57212°E
士姑来,Sekudai,新山,Johor Bahru,柔佛,Johor,1950,1.52484°N 103.67178°E
乌鲁槽,Ulu Clooh,新山,Johor Bahru,柔佛,Johor,,1.53309°N 103.54556°E
乌鲁地南,Ulu Tiram,新山,Johor Bahru,柔佛,Johor,1950,1.59958°N 103.81768°E
甘拔士峇鲁,Kempas Baru,新山,Johor Bahru,柔佛,Johor,1951,1.52877°N 103.70505°E
 翁姑慕申,Ungku Mohsin,新山,Johor Bahru,柔佛,Johor,,1.51341°N 103.73904°E
淡杯,Tampoi,新山,Johor Bahru,柔佛,Johor,,1.49986°N 103.70283°E
占美,Chamek,居銮,Kluang,柔佛,Johor,1949,2°08′35″N 103°14′19″E
加亨,Kahang,居銮,Kluang,柔佛,Johor,1952,2°12′47″N 103°32′39″E
甘光佳雅,Kampung Gaiah,居銮,Kluang,柔佛,Johor,1952,2°06′14″N 103°23′37″E
甘光巴野,Kampung Paya,居銮,Kluang,柔佛,Johor,1950,2°02′32″N 103°20′08″E
拉央拉央,Layang Layang,居銮,Kluang,柔佛,Johor,1952,1°48′46″N 103°28′46″E
吗什,Machap,居銮,Kluang,柔佛,Johor,1952,1°52′58″N 103°15′46″E
梁站,Niyor,居銮,Kluang,柔佛,Johor,1954,2°05′41″N 103°16′45″E
巴罗,Paloh,居銮,Kluang,柔佛,Johor,1952,2°11′21″N 103°11′43″E
令金,Renggam,居銮,Kluang,柔佛,Johor,1951,1°53′04″N 103°24′01″E
新邦令金,Simpang Renggam,居銮,Kluang,柔佛,Johor,1952,1°49′30″N 103°18′32″E
实里拉龙,Seri Lalang,居銮,Kluang,柔佛,Johor,1952,1°59′38″N 103°15′11″E
双溪沙翁,Sungai Sayong,居銮,Kluang,柔佛,Johor,1950,1°55′21″N 103°22′24″E
巴西高谷,Pasir Gogok,哥打丁宜,Kota Tinggi,柔佛,Johor,1952,1.41925°N 104.10078°E
四湾岛,Sungai Renggit,哥打丁宜,Kota Tinggi,柔佛,Johor,1952,1.35033°N 104.22213°E
南亚,Telok Sengat,哥打丁宜,Kota Tinggi,柔佛,Johor,1952,1.5621°N 104.0318°E
龙望路二条石村,Batu 2 Jalan Lombong,哥打丁宜,Kota Tinggi,柔佛,Johor,,1.75165°N 103.89106°E
瓜拉素里里,Kuala Sedili,哥打丁宜,Kota Tinggi,柔佛,Johor,,1.92721°N 104.12154°E
卢骨支那,Lukut Cina,哥打丁宜,Kota Tinggi,柔佛,Johor,,1.74447°N 103.91051°E
任罗宏（三版头）,Jermaluang,丰盛港,Mersing,柔佛,Johor,1949,2.2769°N 103.8569°E
好旺村,Kampubg Hubung,丰盛港,Mersing,柔佛,Johor,1952,2.62293°N 103.64679°E
小丰盛,Mersing Kechil,丰盛港,Mersing,柔佛,Johor,1952,2.42404°N 103.83926°E
興樓,Endau,丰盛港,Mersing,柔佛,Johor,,2.65461°N 103.61829°E
木阁,Bekoh,麻坡,Muar,柔佛,Johor,1950,2.34979°N 102.51995°E
巴口,Bakri,麻坡,Muar,柔佛,Johor,1950,2.04249°N 102.65396°E
武吉甘蜜,Bukit Gambir,麻坡,Muar,柔佛,Johor,1951,2.2138°N 102.6559°E
武吉港脚,Bukit Kangkar,麻坡,Muar,柔佛,Johor,1952,2.17464°N 102.55387°E
武吉巴西,Bukit Kepong,麻坡,Muar,柔佛,Johor,1950,2.34558°N 102.83196°E
武吉摩,Bukit Mor,麻坡,Muar,柔佛,Johor,1950,1.97492°N 102.66192°E
武吉巴西,Bukit Pasir,麻坡,Muar,柔佛,Johor,1952,2.09847°N 102.63745°E
玉射,Gerisek,麻坡,Muar,柔佛,Johor,1951,
居本峇鲁,Kebun Baharu,麻坡,Muar,柔佛,Johor,1951,2.39255°N 102.6846°E
坤兰于汝,Kundang  Ulu,麻坡,Muar,柔佛,Johor,1951,2.23541°N 102.7695°E
岭嘉,Lenga,麻坡,Muar,柔佛,Johor,1951,2.27413°N 102.8153°E
岭嘉28里,Kg Batu 28 Lenga,麻坡,Muar,柔佛,Johor,1950,
巴莪,Pagoh,麻坡,Muar,柔佛,Johor,1952,2.14912°N 102.77146°E
班卒,Panchor,麻坡,Muar,柔佛,Johor,1951,2.1716°N 102.71244°E
巴利爪哇,Parit Jawa,麻坡,Muar,柔佛,Johor,1950,
砂益,Sagil,麻坡,Muar,柔佛,Johor,1950,2.30535°N 102.61453°E
实廊,Serom,麻坡,Muar,柔佛,Johor,1952,2.16529°N 102.58651°E
利丰港,Sungai Mati,麻坡,Muar,柔佛,Johor,1952,2.14558°N 102.56254°E
东甲,Tangkak,麻坡,Muar,柔佛,Johor,1952,2.273°N 102.5391°E
巴口西区,Bakri Barat,麻坡,Muar,柔佛,Johor,,2.0492°N 102.6657°E
六马路,Jalan Daud,麻坡,Muar,柔佛,Johor,,2.0422°N 102.57339°E
巴力峇九,Parit Bakar,麻坡,Muar,柔佛,Johor,,2.00278°N 102.60542°E
沙巴莪,Sabak Awor,麻坡,Muar,柔佛,Johor,,2.07139°N 102.56341°E
二南,Simpang Jeram,麻坡,Muar,柔佛,Johor,,2.04974°N 102.61384°E
北干那那,Pekan Nanas,笨珍,Pontian,柔佛,Johor,1952,1.5088°N 103.5113°E
龟咯山顶,Permas Kukup,笨珍,Pontian,柔佛,Johor,,1.33446°N 103.45604°E
亚逸峇礼,Ayer Baloi,笨珍,Pontian,柔佛,Johor,,1.58709°N 103.33919°E
咸水港,Ayer Baloi,笨珍,Pontian,柔佛,Johor,,1.33209°N 103.4429°E
文律,Benut,笨珍,Pontian,柔佛,Johor,,1.6438°N 103.2587°E
龟咯港脚,Kukup Laut,笨珍,Pontian,柔佛,Johor,,1.3242°N 103.44259°E
72 峇都安南,Batu Enam,昔加末,Segamat,柔佛,Johor,1950,2.57971°N 102.70890°E
73 彼咯,Bekok,昔加末,Segamat,柔佛,Johor,1951,2.29685°N 103.13199°E
74 武吉仕砵（红牌）,Bukit Siput (Ang Pai),昔加末,Segamat,柔佛,Johor,1950,2.48392°N 102.84964°E
75 巫罗加什,Buloh Kasap,昔加末,Segamat,柔佛,Johor,1951,2.54978°N 102.76514°E
76 三合港,Chaah,昔加末,Segamat,柔佛,Johor,1951,2.24573°N 103.04162°E
77 金马士峇鲁（大港）,Gemas Baharu,昔加末,Segamat,柔佛,Johor,1951,2.58401°N 102.62857°E
78 利民达,Jementah,昔加末,Segamat,柔佛,Johor,1952,2.44056°N 102.6858°E
79 亚罗拉新村,Kampung Abdulah,昔加末,Segamat,柔佛,Johor,1951,2.50367°N 102.82714°E
80 甘榜登雅,Kampung Tengah,昔加末,Segamat,柔佛,Johor,1950,2.52996°N 102.82714°E
81 拉美士,Labis,昔加末,Segamat,柔佛,Johor,1952,2.38362°N 103.02114°E
82 北根里依班拿士（内丁能） ,Pekan Air Panas,昔加末,Segamat,柔佛,Johor,1952,2.46693°N 103.05623°E
83 北根冶美,Pekan Jai,昔加末,Segamat,柔佛,Johor,1950,2.53323°N 102.80767°E
84 双溪加叻,Sungai Karas,昔加末,Segamat,柔佛,Johor,1952,2.35543°N 103.03839°E
广西村,Kg. Kwongsai,昔加末,Segamat,柔佛,Johor,,2.4783°N 102.92277°E
丁能田芭村,Kg. Sawah Padi Tenang,昔加末,Segamat,柔佛,Johor,,2.47381°N 102.95515°E
东猛新村,Kg. Tambang Batu 7,昔加末,Segamat,柔佛,Johor,,2.63757°N 102.74256°E
武吉丁宜新村,Kampung Baharu Bukit Tinggi,文冬,Bentong,彭亨,Pahang,1951,3.34927°N 101.82142°E
暹猛新村,Kampung Baharu Camang,文冬,Bentong,彭亨,Pahang,1950,3.52875°N 101.90191°E
哥猛狄,Gemeti,文冬,Bentong,彭亨,Pahang,1950,
加叻,Karak,文冬,Bentong,彭亨,Pahang,1950,3.41436°N 102.03551°E
吉打里,Keteri,文冬,Bentong,彭亨,Pahang,1950,3.50661°N 101.91325°E
文积,Mancis,文冬,Bentong,彭亨,Pahang,1950,3.20177°N 102.16214°E
玻璃口新村 ,,文冬,Bentong,彭亨,Pahang,1950,3.51969°N 101.90601°E
力巴士新村,Repas,文冬,Bentong,彭亨,Pahang,1950,3.53077°N 101.90314°E
斯里地里望,Sri Telemong,文冬,Bentong,彭亨,Pahang,1950,3.35727°N 102.06517°E
双溪都亚新村,Sungai Dua,文冬,Bentong,彭亨,Pahang,1950,3.45584°N 101.99467°E
双溪加杯,Sungai Gapoi,文冬,Bentong,彭亨,Pahang,1950,3.27241°N 102.10565°E
宋溪本祖令新村,Sungai Penjuring,文冬,Bentong,彭亨,Pahang,1950,3.61329°N 101.87778°E
双溪必得,Sungai Penjuring,文冬,Bentong,彭亨,Pahang,1950,3.32659°N 102.06116°E
地里望,Telemung,文冬,Bentong,彭亨,Pahang,1950,3.29043°N 102.08802°E
旧玻哩口,Ulu Perting,文冬,Bentong,彭亨,Pahang,1950,3.51452°N 101.90484°E
金马梳,Kemasul,百乐,Bera,彭亨,Pahang,1950,
甘榜拉惹,Kampung Raja,金马伦,Cameron,彭亨,Pahang,1962,3.51452°N 101.90484°E
美兰村,Kea Farm,金马伦,Cameron,彭亨,Pahang,1950,4.50366°N 101.41234°E
瓜拉地位,Kuala Tela,金马伦,Cameron,彭亨,Pahang,1949,4.54794°N 101.41549°E
巴登威利,Bertam Valley,金马伦,Cameron,彭亨,Pahang,1952,4.41501°N 101.39877°E
冷力,Ringlet,金马伦,Cameron,彭亨,Pahang,1951,4.41402°N 101.38409°E
直冷甲,Teringkap,金马伦,Cameron,彭亨,Pahang,1950,4.51567°N 101.42863°E
峇都峇来,Batu Balai,而连突,Jerantut,彭亨,Pahang,1950,3.97888°N 102.17151°E
而连宋,Jeransang,而连突,Jerantut,彭亨,Pahang,1961,3.85996°N 102.36219°E
南唛,Damak,而连突,Jerantut,彭亨,Pahang,1950,3.94947°N 102.21544°E
新生港,Padang Sejana,而连突,Jerantut,彭亨,Pahang,1970,3.91350°N 102.37611°E
双溪仁,Sungai Jan,而连突,Jerantut,彭亨,Pahang,1950,3.94133°N 102.36518°E
友联港,Sungai Lekok,而连突,Jerantut,彭亨,Pahang,1951,3.90144°N 102.33079°E
57碑,Batu 57,而连突,Jerantut,彭亨,Pahang,,3.94205°N 102.39099°E
双溪芭乌鲁,Sungai Par Ulu,而连突,Jerantut,彭亨,Pahang,,3.92747°N 102.32441°E
甘孟,Gambang,关丹,Kuantan,彭亨,Pahang,1950,3.70716°N 103.09947°E
斯里德伦敦,Seri Teruntum (Tanah Puteh),关丹,Kuantan,彭亨,Pahang,1954,3.80047°N 103.3126°E
林明横港,Seberang Baru Sungai Lembing,关丹,Kuantan,彭亨,Pahang,,3.91003°N 103.02864°E
文打,Benta,立卑,Lipis,彭亨,Pahang,1951,4.01918°N 101.96456°E
日利谷,Jerkuh,立卑,Lipis,彭亨,Pahang,1951,4.03955°N 101.95489°E
巴登冬菇,Padang Tengku,立卑,Lipis,彭亨,Pahang,1951,4.23406°N 101.99158°E
槟绒新村,Penjum,立卑,Lipis,彭亨,Pahang,1952,4.11551°N 102.0054°E
斯里再也,Sri Jaya,马兰,Maran,彭亨,Pahang,1960,3.67334°N 102.87441°E
双溪热力,Sungai Jerik,马兰,Maran,彭亨,Pahang,1950,3.78617°N 102.64288°E
武吉公满新村,Bukit Koman,劳勿,Raub,彭亨,Pahang,1950,3.81776°N 101.85206°E
积罗,Ceruh,劳勿,Raub,彭亨,Pahang,1950,3.90268°N 101.81358°E
生利新村,Sang Lee,劳勿,Raub,彭亨,Pahang,1950,3.65745°N 101.84495°E
新巴力新村,Sempalit,劳勿,Raub,彭亨,Pahang,1950,3.80093°N 101.87148°E
双溪只登新村,Sungai Cetang,劳勿,Raub,彭亨,Pahang,1951,3.71063°N 101.82151°E
双溪吉挠,Sungai Klau,劳勿,Raub,彭亨,Pahang,1950,"3.74523°N 101.98034°E	"
双溪内新村,Sungai Lui,劳勿,Raub,彭亨,Pahang,1950,3.81163°N 101.84736°E
双溪兰新村,Sungai Ruan,劳勿,Raub,彭亨,Pahang,1951,3.80758°N 101.93872°E
都赖新村,Teras,劳勿,Raub,彭亨,Pahang,1951,3.74043°N 101.80812°E
双溪查力,Sungai Chalit,劳勿,Raub,彭亨,Pahang,,3.75693°N 102.00699°E
加流,Kerdau,淡马鲁,Temerloh,彭亨,Pahang,1952,3.57433°N 102.36988°E
瓜拉吉挠,Kuala Kerau,淡马鲁,Temerloh,彭亨,Pahang,1950,3.70922°N 102.36865°E
兰增,Lancang,淡马鲁,Temerloh,彭亨,Pahang,1950,3.49461°N 102.19199°E
文德甲,Mentekab,淡马鲁,Temerloh,彭亨,Pahang,1950,3.48757°N 102.35218°E
淡马鲁,Temerloh,淡马鲁,Temerloh,彭亨,Pahang,1950,3.45357°N 102.41798°E
布兰莪,Kampung Belenggu Halt,淡马鲁,Temerloh,彭亨,Pahang,,3.37154°N 102.42847°E
五哩村,Kampung Batu 5,龙运,Dungun,丁加奴,Terengganu,1950,4.71524°N 103.4169°E
亚依仁耐,Air Jernih,甘马挽,Kemaman,丁加奴,Terengganu,1954,4.40840°N 103.39753°E
蒲菜,Pulai Baru,瓜拉丁加奴,Kuala Terengganu,丁加奴,Terengganu,1953,5.37369°N 103.0585°E
柏丹,Bertam,话望生,Gua Musang,吉兰丹,Kelantan,1952,5.14528°N 102.04711°E
话望生,Gua Musang,话望生,Gua Musang,吉兰丹,Kelantan,1952,4.88337°N 101.96349°E
峇都巴板,Batu Papan,话望生,Gua Musang,吉兰丹,Kelantan,,4.84209°N 101.94741°E
布赖,Dusun Pulai,话望生,Gua Musang,吉兰丹,Kelantan,,"4.79041°N 101.94389°E	"
新金马,Germang Baru,日里,Jeli,吉兰丹,Kelantan,1952,5.76194°N 101.86505°E
日里,Seberang Jeli,日里,Jeli,吉兰丹,Kelantan,1952,5.69618°N 101.83233°E
加莱,Kalai,日里,Jeli,吉兰丹,Kelantan,1952,5.75057°N 101.74614°E
瓜拉巴辣,Kuala Balah,日里,Jeli,吉兰丹,Kelantan,1952,5.44143°N 101.91077°E
古墓峇诛,Kubur Datu,日里,Jeli,吉兰丹,Kelantan,1952,5.51198°N 101.89281°E
叻嘉,Legeh,日里,Jeli,吉兰丹,Kelantan,1952,5.75020°N 101.89997°E
鲁伯布裹,Lubok Bungor,日里,Jeli,吉兰丹,Kelantan,1952,5.5636°N 101.88454°E
芝柏,Chepa,哥打巴鲁,Kota Bahru,吉兰丹,Kelantan,1952,6.09927°N 102.29492°E
直落甘地,Telok Kandis,哥打巴鲁,Kota Bahru,吉兰丹,Kelantan,1952,6.04738°N 102.21156°E
赤脚,Tokong,哥打巴鲁,Kota Bahru,吉兰丹,Kelantan,1952,5.95008°N 102.20897°E
唐人坡,Kampung Cina,哥打巴鲁,Kota Bahru,吉兰丹,Kelantan,,6.14187°N 102.23515°E
暹村,Pauh Lima,哥打巴鲁,Kota Bahru,吉兰丹,Kelantan,,6.01089°N 102.32734°E
奥都理,Aur Duri,哥打巴鲁,Kota Bahru,吉兰丹,Kelantan,,6.02665°N 102.15811°E
失令 ,Sering ,哥打巴鲁,Kota Bahru,吉兰丹,Kelantan,,6.13999°N 102.32707°E
达旺,Dabong,瓜拉吉赖,Kuala Krai,吉兰丹,Kelantan,1952,"5.37686°N 102.00877°E	"
古吉,Guchil,瓜拉吉赖,Kuala Krai,吉兰丹,Kelantan,1952,5.54949°N 102.19857°E
卡浪安,Karangan,瓜拉吉赖,Kuala Krai,吉兰丹,Kelantan,1952,5.31365°N 102.25681°E
格姆布,Kemubu,瓜拉吉赖,Kuala Krai,吉兰丹,Kelantan,1952,5.29898°N 102.01722°E
瓜拉格里斯,Kuala Gris,瓜拉吉赖,Kuala Krai,吉兰丹,Kelantan,1952,5.38922°N 102.06144°E
拉罗,Laloh,瓜拉吉赖,Kuala Krai,吉兰丹,Kelantan,1951,5.30793°N 102.27231°E
玛力勿莱 ,Manek Urai,瓜拉吉赖,Kuala Krai,吉兰丹,Kelantan,1950,5.39031°N 102.23489°E
曼佐,Manjor,瓜拉吉赖,Kuala Krai,吉兰丹,Kelantan,1952,5.33123°N 102.25241°E
柏希,Pahi,瓜拉吉赖,Kuala Krai,吉兰丹,Kelantan,1951,5.47157°N 102.22187°E
本伯里安,Pahi,瓜拉吉赖,Kuala Krai,吉兰丹,Kelantan,1950,5.33531°N 102.24873°E
德勒贡,Telekong,瓜拉吉赖,Kuala Krai,吉兰丹,Kelantan,1950,5.65841°N 102.21233°E
峇都钟,Batu Jong,瓜拉吉赖,Kuala Krai,吉兰丹,Kelantan,,5.5889°N 102.18082°E
哥利沙,Kelisar,丹娜美拉,Tanah Merah,吉兰丹,Kelantan,1955,5.7831°N 101.9883°E
日拉督,Jelatok,丹娜美拉,Tanah Merah,吉兰丹,Kelantan,,5.83353°N 102.15543°E
巴西巴宜,Jelatok,丹娜美拉,Tanah Merah,吉兰丹,Kelantan,,5.7727°N 102.14195°E
浮罗拉亚,Pulau Raya,丹娜美拉,Tanah Merah,吉兰丹,Kelantan,,"5.84048°N 102.17178°E	"
峇莱,Balai,万捷 ,Jajahan Bachok,吉兰丹,Kelantan,,6.10889°N 102.37103°E
日拉瓦,Jelawat,万捷 ,Jajahan Bachok,吉兰丹,Kelantan,,6.01184°N 102.37541°E
加沙,Kasar,巴西马,Jajahan Pasir Mas,吉兰丹,Kelantan,,"6.04589°N 102.17081°E	"
巴西巴力,Pasir Parit,巴西马,Jajahan Pasir Mas,吉兰丹,Kelantan,,5.91927°N 102.1887°E
登龙,Tendong,巴西马,Jajahan Pasir Mas,吉兰丹,Kelantan,,6.06945°N 102.20673°E
西里基,Seligi,巴西富,Jajahan Pasir Puteh,吉兰丹,Kelantan,,"5.84791°N 102.31928°E	"
西里新,Selising ,巴西富,Jajahan Pasir Puteh,吉兰丹,Kelantan,,5.89512°N 102.33293°E
实姆乐,Semerak,巴西富,Jajahan Pasir Puteh,吉兰丹,Kelantan,,5.86947°N 102.50553°E
督祖巴,Kampung Cina Chekok Tok Cuba,马漳,Jajahan Machang,吉兰丹,Kelantan,,5.86544°N 102.20117°E
甘榜佐,Kampung Joh,马漳,Jajahan Machang,吉兰丹,Kelantan,,5.83888°N 102.1793°E
玛达爱,Mata Air,马漳,Jajahan Machang,吉兰丹,Kelantan,,5.87323°N 102.18394°E
东马岸,Temangan,马漳,Jajahan Machang,吉兰丹,Kelantan,,5.70258°N 102.1508°E
哥斯拉雅,Kok Seraya,道北,Tumpat,吉兰丹,Kelantan,,6.16059°N 102.16324°E
古林,Kulim,道北,Tumpat,吉兰丹,Kelantan,,6.11158°N 102.19142°E
热水湖,Air Panas,吉隆坡,Kuala Lumpur,直辖区,Wilayah Persekutuan (Federal Territories),,
增江,Jinjang,吉隆坡,Kuala Lumpur,直辖区,Wilayah Persekutuan (Federal Territories),1950,3.1885°N 101.7180°E
沙叻秀,Salak Selatan,吉隆坡,Kuala Lumpur,直辖区,Wilayah Persekutuan (Federal Territories),1950,3.2086°N 101.6617°E
