Name_ZH,Name_MY,District_ZH,District_MY,State_ZH,State_MY,Year,latlng,lat,lng
新路村,Pauh Setia,加央,Kangar,玻璃市,Perlis,1956,6.438084°N 100.301644°E,6.438084,100.301644
加基武吉,Kaki Bukit,加央,Kangar,玻璃市,Perlis,,6.643650°N 100.208078°E,6.643650,100.208078
 基锐,Kejai,华玲,Baling,吉打,Kedah,1950,5.551044°N 100.729479°E,5.551044,100.729479
 甘光拉兰,Kampung Lalang,华玲,Baling,吉打,Kedah,1950,5.790341°N 100.894927°E,5.790341,100.894927
 瓜拉吉底,Kuala Ketil,华玲,Baling,吉打,Kedah,1950,5.604284°N 100.650783°E,5.604284,100.650783
 瓜拉不干,Kuala Pegang,华玲,Baling,吉打,Kedah,1950,5.636025°N 100.809639°E,5.636025,100.809639
 居邦,Kupang,华玲,Baling,吉打,Kedah,1950,5.636893°N 100.844121°E,5.636893,100.844121
 打活,Tawar,华玲,Baling,吉打,Kedah,1950,5.595712°N 100.772926°E,5.595712,100.772926
峇眼三目,Bagan Samak,万拉峇鲁,Bandar Baharu,吉打,Kedah,1952,5.090819°N 100.5592566°E	,5.090819,100.5592566
司南马,Selama,万拉峇鲁,Bandar Baharu,吉打,Kedah,1952,5.233486°N 100.682638°E,5.233486,100.682638
西岭（怡源） ,Serdang (Ee Yuan),万拉峇鲁,Bandar Baharu,吉打,Kedah,1952,5.206949°N 100.615523°E,5.206949,100.615523
麻杭,Mahang,万拉峇鲁,Bandar Baharu,吉打,Kedah,1952,5.320731°N 100.748169°E,5.320731,100.748169
三巴央 ,Junjong,万拉峇鲁,Bandar Baharu,吉打,Kedah,1952,5.297478°N 100.534488°E,5.297478,100.534488
新港,Bukit Besar,万拉峇鲁,Bandar Baharu,吉打,Kedah,,5.4577229°N 100.5633676°E,5.4577229,100.5633676
吕蒙文打,Lubok Buntar,万拉峇鲁,Bandar Baharu,吉打,Kedah,,5.139635°N 100.590418°E,5.139635,100.590418
蔗芭村,Kilang Tebu,哥打士打,Kota Setar,吉打,Kedah,,6.105°N 100.3513889°E,6.105,100.3513889
十字港,Simpang Empat,哥打士打,Kota Setar,吉打,Kedah,,6.024360°N 100.381952°E,6.024360,100.381952
 美农,Bedong,瓜拉姆达,Kuala Muda,吉打,Kedah,1952,5.728031°N 100.509494°E,5.728031,100.509494
 武吉士南卯,Bukit Selambau,瓜拉姆达,Kuala Muda,吉打,Kedah,1950,5.682561°N 100.633960°E,5.682561,100.633960
 莪仑,Gurun,瓜拉姆达,Kuala Muda,吉打,Kedah,1954,5.808555°N 100.477225°E,5.808555,100.477225
 仁岭,Jening,瓜拉姆达,Kuala Muda,吉打,Kedah,1950,5.814001°N 100.631248°E,5.814001,100.631248
 马莫,Merbok,瓜拉姆达,Kuala Muda,吉打,Kedah,1953,5.721789°N 100.413712°E,5.721789,100.413712
 巴东伦武,Padang Lembu,瓜拉姆达,Kuala Muda,吉打,Kedah,1950,5.841295°N 100.535944°E,5.841295,100.535944
 新文英,Semiling,瓜拉姆达,Kuala Muda,吉打,Kedah,1952,5.701286°N 100.472268°E,5.701286,100.472268
 双溪拉兰,Sungai Lalang,瓜拉姆达,Kuala Muda,吉打,Kedah,1952,5.698234°N 100.514914°E,5.698234,100.514914
 樟仑,Changlun,樟仑,Changlun,吉打,Kedah,1952,6.432968°N 100.429609°E,6.432968,100.429609
 双溪加拉岸,Sungai Karangan,居林,Kulim,吉打,Kedah,1952,5.420775°N 100.667191°E,5.420775,100.667191
 老火较,Kelang Lama,居林,Kulim,吉打,Kedah,1952,5.388926°N 100.566936°E,5.388926,100.566936
 硕莪廊,Kilang Sago,居林,Kulim,吉打,Kedah,1952,5.371071°N 100.551454°E,5.371071,100.551454
 鲁乃,Lunas,居林,Kulim,吉打,Kedah,1952,5.431124°N 100.534097°E,5.431124,100.534097
 巴东色海,Padang Serai,居林,Kulim,吉打,Kedah,1952,5.510960°N 100.555920°E,5.510960,100.555920
 双溪谷,Sungai Kob,居林,Kulim,吉打,Kedah,1952,5.426795°N 100.643555°E,5.426795,100.643555
六支碑村（顺安）,Bukit 6 (Bukit Lada),居林,Kulim,吉打,Kedah,,5.4577229°N 100.5633676°E,5.4577229,100.5633676
 那加,Pekan Naka,巴东得腊,Padag Terap,吉打,Kedah,1952,6.137784°N 100.673147°E,6.137784,100.673147
 柏鲁,Tanjong Thai (Pedu),巴东得腊,Padag Terap,吉打,Kedah,1952,6.230379°N 100.694777°E,6.230379,100.694777
 古拉,Kura,锡 ,Sik,吉打,Kedah,1952,5.946123°N 100.667423°E,5.946123,100.667423
 南美,Nami,锡 ,Sik,吉打,Kedah,1952,6.050276°N 100.778152°E,6.050276,100.778152
武拉必,Berapit,威省中区,Seberang Perai Tengah,槟城,Penang,1954,5.381714°N 100.472257°E,5.381714,100.472257
柔府,Juru,威省中区,Seberang Perai Tengah,槟城,Penang,1954,5.314125°N 100.44358°E,5.314125,100.44358
巴章武莫,Machang Bubok,威省中区,Seberang Perai Tengah,槟城,Penang,1954,5.333998°N 100.508155°E,5.333998,100.508155
峇东丁宜,Permatang Tinggi,威省中区,Seberang Perai Tengah,槟城,Penang,1954,5.301277°N 100.478507°E,5.301277,100.478507
双溪里武,Sungai Lembu,威省中区,Seberang Perai Tengah,槟城,Penang,1954,5.390258°N 100.523077°E,5.390258,100.523077
甘榜峇汝,Kampung Bahru,威省中区,Seberang Perai Tengah,槟城,Penang,,5.3426°N 100.4708°E,5.3426,100.4708
平安村,Kampung Selamat,威省中区,Seberang Perai Tengah,槟城,Penang,,5.504918°N 100.514779°E,5.504918,100.514779
瓜夷,Jawi,威省南区,Seberang Perai Selatan,槟城,Penang,1954,5.211444°N 100.495237°E,5.211444,100.495237
双溪格吉,Sungai Kecil,威省南区,Seberang Perai Selatan,槟城,Penang,1954,5.164411°N 100.523190°E,5.164411,100.523190
华都村,Kampung Val Dor,威省南区,Seberang Perai Selatan,槟城,Penang,1954,5.241635°N 100.491300°E,5.241635,100.491300
威利斯里,Wellesley,威省南区,Seberang Perai Selatan,槟城,Penang,1954,5.211821°N 100.516084°E,5.211821,100.516084
樟角村,Changkat,威省南区,Seberang Perai Selatan,槟城,Penang,,5.198436°N 100.469718°E,5.198436,100.469718
武吉淡纹峇眼,Bagan Bukit Tambun,威省南区,Seberang Perai Selatan,槟城,Penang,,5.274689°N 100.444173°E,5.274689,100.444173
高渊港口,Sungai Udang,威省南区,Seberang Perai Selatan,槟城,Penang,,5.165217°N 100.427857°E,5.165217,100.427857
亚当君令,Ayer Kuning,巴登峇当,Batang Padang,霹雳,Perak,1950,4°11′21″N 101°08′33″E,4.189166666666667,101.14250000000001
万岭,Banir,巴登峇当,Batang Padang,霹雳,Perak,1950,4°12′32″N 101°10′48″E,4.208888888888889,101.18
万岭园,Banir Estate,巴登峇当,Batang Padang,霹雳,Perak,1950,4°13′21″N 101°13′35″E,4.2225,101.22638888888889
美冷车站,Behrang Stesyen,巴登峇当,Batang Padang,霹雳,Perak,1950,3°44′35″N 101°26′59″E,3.743055555555556,101.44972222222222
美冷呼噜,Behrang Stesyen,巴登峇当,Batang Padang,霹雳,Perak,1950,3°45′21″N 101°29′47″E,3.7558333333333334,101.49638888888889
美罗,Bidor,巴登峇当,Batang Padang,霹雳,Perak,1950,4°07′00″N 101°17′21″E,4.116666666666666,101.28916666666666
美罗车站,Bidor Stesyen,巴登峇当,Batang Padang,霹雳,Perak,1950,4°06′20″N 101°16′02″E,4.105555555555555,101.26722222222222
宝结百家,Bukit Pagar,巴登峇当,Batang Padang,霹雳,Perak,1950,4°11′10″N 101°15′59″E,4.186111111111112,101.26638888888888
积莪营,Chenderiang,巴登峇当,Batang Padang,霹雳,Perak,1951,4°15′53″N 101°14′16″E,4.264722222222222,101.23777777777778
甘榜冷水河,Kampung Coldstream,巴登峇当,Batang Padang,霹雳,Perak,1950,4°02′37″N 101°14′23″E,4.043611111111111,101.23972222222223
各多庸,Kentoyong,巴登峇当,Batang Padang,霹雳,Perak,1950,3.689577°N 101.516274°E,3.689577,101.516274
金榜彭亨,Kampung Pahang,巴登峇当,Batang Padang,霹雳,Perak,1951,4°13′02″N 101°16′32″E       ,4.217222222222222,101.27555555555556
瓜拉美金,Kuala Bikam,巴登峇当,Batang Padang,霹雳,Perak,1950,4°01′21″N 101°14′36″E,4.0225,101.24333333333334
北根吉打,Pekan Getah,巴登峇当,Batang Padang,霹雳,Perak,1950,4°11′18″N 101°13′30″E,4.1883333333333335,101.22500000000001
不干巴沙,Pekan Pasir,巴登峇当,Batang Padang,霹雳,Perak,1951,4°04′09″N 101°17′14″E,4.069166666666667,101.28722222222223
宋溪古罗,Pekan Pasir,巴登峇当,Batang Padang,霹雳,Perak,1950,4°13′8″N 101°08′24″E,4.218888888888889,101.14
仕林河,Slim River,巴登峇当,Batang Padang,霹雳,Perak,1950,3°49′54″N 101°24′02″E,3.8316666666666666,101.40055555555556
仕林新村,Slim Village,巴登峇当,Batang Padang,霹雳,Perak,1950,3°50′57″N 101°28′51″E,3.8491666666666666,101.48083333333334
宋溪,Sungkai,巴登峇当,Batang Padang,霹雳,Perak,1951,3°59′41″N 101°18′38″E,3.9947222222222223,101.31055555555555
丹那马士,Tanah Mas,巴登峇当,Batang Padang,霹雳,Perak,1950,4°08′41″N 101°15′58″E,4.144722222222223,101.26611111111112
打巴路,Tapah Road,巴登峇当,Batang Padang,霹雳,Perak,1952,4°10′19″N 101°11′30″E,4.171944444444445,101.19166666666668
地摩 ,Temoh,巴登峇当,Batang Padang,霹雳,Perak,1950,4°14′27″N 101°11′42″E,4.240833333333334,101.19500000000001
十二碑,Batu 12,下霹雳,Hilir Perak,霹雳,Perak,1950,4°00′12″N 101°10′26″E,4.003333333333333,101.1738888888889
五丰路,Goh Hong,下霹雳,Hilir Perak,霹雳,Perak,1960,4°01′39″N 101°08′02″E,4.0275,101.13388888888889
水闸,Chui Chak,下霹雳,Hilir Perak,霹雳,Perak,1950,4°02′41″N 101°10′20″E,4.044722222222222,101.17222222222223
冷甲,Langkap,下霹雳,Hilir Perak,霹雳,Perak,1950,4°04′18″N 101°08′57″E,4.071666666666666,101.14916666666667
巴拉湾,Pahlawan,下霹雳,Hilir Perak,霹雳,Perak,1949,4°04′00″N 101°11′15″E,4.066666666666666,101.1875
芭尾,Pasir Bedamar,下霹雳,Hilir Perak,霹雳,Perak,1950,4°02′06″N 101°00′21″E,4.035,101.00583333333333
新邦安拔,Simpang Empat,下霹雳,Hilir Perak,霹雳,Perak,1950,3°53′46″N 100°56′13″E,3.8961111111111113,100.93694444444445
阿育加拉,Ayer Kala,上霹雳,Hulu Perak,霹雳,Perak,1951,5°11′41″N 101°03′26″E,5.1947222222222225,101.05722222222222
巴都鲁亚,Batu 2,上霹雳,Hulu Perak,霹雳,Perak,1950,5°27′08″N 101°01′24″E,5.452222222222223,101.02333333333333
仁丹,Klian Intan,上霹雳,Hulu Perak,霹雳,Perak,1952,5°38′09″N 101°01′24″E,5.635833333333333,101.02333333333333
哥打淡板新村,Klian Intan,上霹雳,Hulu Perak,霹雳,Perak,1952,5°03′21″N 100°57′57″E,5.055833333333333,100.96583333333334
瓜拉雷新村,Kuala Rui,上霹雳,Hulu Perak,霹雳,Perak,1957,5°27′29″N 101°10′14″E,5.458055555555556,101.17055555555557
巴登古鲁,Padang Gerus,上霹雳,Hulu Perak,霹雳,Perak,1951,5°09′56″N 101°00′55″E,5.165555555555556,101.01527777777778
高乌,Pengkalan Hulu,上霹雳,Hulu Perak,霹雳,Perak,1959,5°42′16″N 101°02′08″E,5.704444444444444,101.03555555555555
士力百加,Selat Pagar,上霹雳,Hulu Perak,霹雳,Perak,1950,5°10′45″N 101°02′08″E,5.179166666666667,101.03555555555555
打昔,Tasek,上霹雳,Hulu Perak,霹雳,Perak,1950,5°39′58″N 100°58′21″E,5.666111111111111,100.9725
八号村,U.P.R.A.(8),上霹雳,Hulu Perak,霹雳,Perak,1951,5°26′02″N 101°07′41″E,5.433888888888889,101.12805555555555
暗邦,Ampang Baru,近打 ,Kinta,霹雳,Perak,1953,4°35′14″N 101°07′48″E,4.587222222222222,101.13
百利,Bali,近打 ,Kinta,霹雳,Perak,1951,4°23′38″N 101°00′20″E,4.393888888888889,101.00555555555556
民万,Bemban,近打 ,Kinta,霹雳,Perak,1950,4°27′29.30″N 101°0′43.25″E,4.458055555555556,101.01194444444444
巴占新村,Kampung Bereham,近打 ,Kinta,霹雳,Perak,1950,4°38′18″N 101°07′41″E,4.638333333333333,101.12805555555555
红泥山,Bukit Merah,近打 ,Kinta,霹雳,Perak,1950,4°33′6.3″N 101°2′25″E,4.551666666666667,101.04027777777777
文冬,Buntong,近打 ,Kinta,霹雳,Perak,1950,4°35′53″N 101°03′48″E,4.598055555555555,101.06333333333333
曾吉京丁,Changkat Kinding,近打 ,Kinta,霹雳,Perak,1951,4°41′58″N 101°09′03″E,4.6994444444444445,101.15083333333334
珠宝,Chemor R.A.,近打 ,Kinta,霹雳,Perak,1950,4°43′17″N 101°07′08″E,4.721388888888889,101.11888888888888
贞德隆,Chenderong,近打 ,Kinta,霹雳,Perak,1950,4°24′26″N 101°03′02″E,4.407222222222223,101.05055555555555
华林市,Falim,近打 ,Kinta,霹雳,Perak,1950,4°34′54″N 101°03′49″E,4.581666666666666,101.06361111111111
喜明村/布先,Gunung Hijau/ Pusing,近打 ,Kinta,霹雳,Perak,1950,4°29′27″N 101°00′20″E,4.490833333333334,101.00555555555556
昆仑喇叭新村,Gunung Rapat,近打 ,Kinta,霹雳,Perak,1950,4°34′20″N 101°07′13″E,4.572222222222222,101.12027777777777
印度徒置村（曾吉）,Indian Settlelement (Desa Changkat),近打 ,Kinta,霹雳,Perak,1951,4°28′39″N 101°01′44″E,4.4775,101.02888888888889
九洞,Jelapang,近打 ,Kinta,霹雳,Perak,1953,4°38′14″N 101°03′35″E,4.6372222222222215,101.05972222222222
师美新村,Kampung Simee,近打 ,Kinta,霹雳,Perak,1950,4°37′03″N 101°06′36″E,4.617500000000001,101.11
甘榜斗华,Kampung Tawas,近打 ,Kinta,霹雳,Perak,1951,4°38′54″N 101°06′01″E,4.6483333333333325,101.10027777777778
甘榜地马,Kampung Timah,近打 ,Kinta,霹雳,Perak,1951,4°16′58″N 101°03′13″E,4.282777777777778,101.05361111111111
拱桥,Kanthan Bharu,近打 ,Kinta,霹雳,Perak,1951,4°44′30″N 101°07′06″E,4.741666666666667,101.11833333333333
瓜拉光,Kuala Kuang,近打 ,Kinta,霹雳,Perak,1951,4°44′30″N 101°07′06″E,4.741666666666667,101.11833333333333
拿乞,Lahat,近打 ,Kinta,霹雳,Perak,1950,4°32′17″N 101°02′14″E,4.538055555555555,101.03722222222223
 林旦,Lim Tan,近打 ,Kinta,霹雳,Perak,1950,4°39′32″N 101°09′27″E,4.658888888888889,101.1575
万里望,Menglembu,近打 ,Kinta,霹雳,Perak,1951,4°39′32″N 101°09′27″E,4.658888888888889,101.1575
那拉,Nalla,近打 ,Kinta,霹雳,Perak,1951,4°25′22″N 100°58′37″E,4.422777777777778,100.97694444444444
甲板,Papan,近打 ,Kinta,霹雳,Perak,1950,4°30′54″N 101°00′44″E,4.515,101.01222222222222
新甲板,Papan Baru,近打 ,Kinta,霹雳,Perak,1957,4°30′12″N 101°00′58″E,4.503333333333333,101.01611111111112
兵如港,Pasir Pinji,近打 ,Kinta,霹雳,Perak,1950,4°34′29″N 101°05′19″E,4.574722222222222,101.0886111111111
新邦波赖,Simpang Pulai,近打 ,Kinta,霹雳,Perak,1951,4°31′49″N 101°07′33″E,4.530277777777778,101.12583333333333
双溪榴莲,Sungai Durian,近打 ,Kinta,霹雳,Perak,1951,4°19′05″N 101°02′07″E,4.3180555555555555,101.03527777777778
打扪,Tambun,近打 ,Kinta,霹雳,Perak,1952,4°36′27″N 101°08′16″E,4.6075,101.13777777777779
丹那依淡,Tanah Hitam,近打 ,Kinta,霹雳,Perak,1951,4°43′40″N 101°08′33″E,4.727777777777778,101.14250000000001
红毛丹,Tanjong Rambutan RA,近打 ,Kinta,霹雳,Perak,1950,4°40′12.54″N 101°9′16.94″E,4.67,101.15444444444445
督亚冷,Tanjong Tualang,近打 ,Kinta,霹雳,Perak,1950,4°19′34″N 101°03′26″E,4.326111111111111,101.05722222222222
瑶伦,Jerlun,江沙,Kuala Kangsar,霹雳,Perak,1952,4°43′58″N 100°54′36″E,4.732777777777778,100.91000000000001
永梧,Kati,江沙,Kuala Kangsar,霹雳,Perak,1950,4°52′34″N 100°54′25″E,4.876111111111111,100.90694444444445
叻沙,Lasah,江沙,Kuala Kangsar,霹雳,Perak,1951,4°57′19″N 101°07′18″E,4.955277777777778,101.12166666666666
利民加地,Liman Kati,江沙,Kuala Kangsar,霹雳,Perak,1951,4°51′06″N 100°54′06″E,4.851666666666667,100.90166666666667
连登,Lintang,江沙,Kuala Kangsar,霹雳,Perak,1950,4°56′19″N 101°06′08″E,4.938611111111111,101.10222222222221
万浓,Manong,江沙,Kuala Kangsar,霹雳,Perak,1954,4°35′38″N 100°52′53″E,4.5938888888888885,100.88138888888888
硝山,Padang Rengas,江沙,Kuala Kangsar,霹雳,Perak,1952,4°46′27″N 100°50′33″E,4.774166666666667,100.8425
林马班让,Rimba Panjang,江沙,Kuala Kangsar,霹雳,Perak,1951,4°47′52″N 101°06′04″E,4.797777777777777,101.10111111111111
新沙力,Salak Baharu,江沙,Kuala Kangsar,霹雳,Perak,1950,4°50′30″N 100°59′37″E,4.841666666666667,100.99361111111111
沙力北,Salak Utara,江沙,Kuala Kangsar,霹雳,Perak,1950,4°50′05″N 101°00′30″E,4.834722222222222,101.00833333333334
新寿活新村,Sauk,江沙,Kuala Kangsar,霹雳,Perak,1950,4°56′05″N 100°55′16″E,4.934722222222223,100.92111111111112
竹芭,Sungai Buluh,江沙,Kuala Kangsar,霹雳,Perak,1951,4°49′13″N 101°03′47″E,4.820277777777777,101.06305555555555
新邦也郎,Simpang Jalong,江沙,Kuala Kangsar,霹雳,Perak,1952,4°49′23″N 101°05′31″E,4.823055555555555,101.09194444444444
亚逸都润,Ayer Terjun,拉律马当 ,Larut Matang,霹雳,Perak,1950,4°38′33.9″N 100°42′40.4″E,4.642499999999999,100.71111111111111
后廊,Aulong,拉律马当 ,Larut Matang,霹雳,Perak,1952,4°51′11.5″N 100°42′45.9″E,4.853055555555555,100.7125
峇都古楼,Batu Kurau,拉律马当 ,Larut Matang,霹雳,Perak,1956,4°58′29.4″N 100°47′58.6″E,4.974722222222223,100.79944444444445
新路口,Changkat Jering,拉律马当 ,Larut Matang,霹雳,Perak,1950,4°47′27.4″N 100°43′13.7″E,4.7908333333333335,100.72027777777778
日睐,Jelai,拉律马当 ,Larut Matang,霹雳,Perak,1952,5°00′43.2″N 100°48′37.9″E,5.0119444444444445,100.81027777777777
甘文丁,Kamunting,拉律马当 ,Larut Matang,霹雳,Perak,1956,4°53′27.6″N 100°44′05.1″E,4.890833333333333,100.73472222222222
甘榜槟榔,Kampung Pinang,拉律马当 ,Larut Matang,霹雳,Perak,1956,4°53′00.7″N 100°43′34.6″E,4.883333333333333,100.72611111111111
瓜拉十八丁,Kuala Sepetang,拉律马当 ,Larut Matang,霹雳,Perak,1952,4°50′18.7″N 100°37′44.6″E,4.838333333333333,100.62888888888888
古武加牙,Kubu Gajah,拉律马当 ,Larut Matang,霹雳,Perak,1950,5°09′51.7″N 100°40′35.5″E,5.1641666666666675,100.6763888888889
马登,Matang,拉律马当 ,Larut Matang,霹雳,Perak,1950,4°49′11.4″N 100°40′16.2″E,4.819722222222222,100.67111111111112
峇登牙也,Padang Gajah,拉律马当 ,Larut Matang,霹雳,Perak,1954,4°36′54.3″N 100°42′59″E,4.614999999999999,100.71638888888889
大直弄,Pasir Hitam,拉律马当 ,Larut Matang,霹雳,Perak,1950,4°38′51.1″N 100°36′56.4″E,4.6475,100.61555555555555
保阁亚三,Pokok Assam,拉律马当 ,Larut Matang,霹雳,Perak,1951,4°49′42.3″N 100°44′18.4″E,4.828333333333333,100.73833333333333
拿都班央,Rantau Panjang,拉律马当 ,Larut Matang,霹雳,Perak,1950,5°14′25″N 100°43′49.4″E,5.240277777777778,100.73027777777779
连登班央,Redang Panjang,拉律马当 ,Larut Matang,霹雳,Perak,1950,5°06′56.9″N 100°46′59.2″E,5.115555555555555,100.78305555555555
双溪古隆,Sungai Kerang,拉律马当 ,Larut Matang,霹雳,Perak,1952,4°35′46.6″N 100°40′54.3″E,4.596111111111111,100.68166666666667
双溪罗丹,Sungai Rotan,拉律马当 ,Larut Matang,霹雳,Perak,1950,4°33′21.5″N 100°44′05″E,4.555833333333333,100.73472222222222
双溪达立,Sungai Terap,拉律马当 ,Larut Matang,霹雳,Perak,1950,5°12′12.6″N 100°41′01.0″E,5.203333333333333,100.68361111111112
 新板 ,Simpang,拉律马当 ,Larut Matang,霹雳,Perak,1952,4°49′13.2″N 100°42′37.5″E,4.820277777777777,100.71027777777778
淡布落,Temerloh,拉律马当 ,Larut Matang,霹雳,Perak,1950,4°39′06.3″N 100°41′33.8″E,4.651666666666667,100.69250000000001
直弄,Terung,拉律马当 ,Larut Matang,霹雳,Perak,1952,4°42′28.9″N 100°43′12.9″E,4.707777777777778,100.72
爱大华,Ayer Tawar,曼绒,Manjung,霹雳,Perak,1951,4°17′38″N 100°45′33″E,4.293888888888889,100.75916666666667
木歪,Beruas,曼绒,Manjung,霹雳,Perak,1951,4°29′56″N 100°47′26″E,4.498888888888889,100.79055555555556
莫珍歪,Changkat Keruing,曼绒,Manjung,霹雳,Perak,1951,4°22′38″N 100°41′12″E,4.377222222222222,100.68666666666667
福清洋,Kampung Cina Sitiawan,曼绒,Manjung,霹雳,Perak,1951,4°11′39″N 100°41′07″E,4.194166666666667,100.68527777777778
哲仁新村,Kampung Jering,曼绒,Manjung,霹雳,Perak,1951,4°20′47″N 100°46′41″E,4.346388888888889,100.77805555555555
甘文阁,Kampung Koh,曼绒,Manjung,霹雳,Perak,1951,4°11′19″N 100°42′19″E,4.188611111111111,100.70527777777778
甘榜马坡,Kampung Merbau,曼绒,Manjung,霹雳,Perak,1951,4°20′05″N 100°43′48″E,4.334722222222222,100.73
葛尼市,Pekan Gurney,曼绒,Manjung,霹雳,Perak,1951,4°13′21″N 100°44′39″E,4.2225,100.74416666666667
拉惹依淡,Pekan Gurney,曼绒,Manjung,霹雳,Perak,1951,4°20′12″N 100°45′02″E,4.336666666666666,100.75055555555555
二条路,Simpang Dua,曼绒,Manjung,霹雳,Perak,1951,4°12′08″N 100°43′50″E,4.202222222222223,100.73055555555555
五条路,Simpang Lima,曼绒,Manjung,霹雳,Perak,1951,4°14′51″N 100°45′31″E,4.2475000000000005,100.75861111111111
双溪峇都,Sungai Batu,曼绒,Manjung,霹雳,Perak,1951,4°25′54″N 100°39′21″E,4.431666666666667,100.65583333333333
甲洞乌鲁,Kepong Ulu,鹅唛,Gombak,雪兰莪,Selangor,1950,3.227997°N 101.634236°E,3.227997,101.634236
淡江,Kuala Ampang,鹅唛,Gombak,雪兰莪,Selangor,1951,3.166321°N 101.748297°E,3.166321,101.748297
根登,Kundang,鹅唛,Gombak,雪兰莪,Selangor,1951,3.277790°N 101.513263°E,3.277790,101.513263
万挠,Sungai Terentang,鹅唛,Gombak,雪兰莪,Selangor,1951,3.308919°N 101.586184°E,3.308919,101.586184
轰埠,Kuang,鹅唛,Gombak,雪兰莪,Selangor,1950,3.254349°N 101.553343°E,3.254349,101.553343
煤炭山,Batu Arang,鹅唛,Gombak,雪兰莪,Selangor,,3.315147°N 101.470195°E,3.315147,101.470195
拿督李金狮村,Dato′ Lee Kim Sai,鹅唛,Gombak,雪兰莪,Selangor,,3.309920°N 101.577165°E,3.309920,101.577165
太平村,Desa Aman,鹅唛,Gombak,雪兰莪,Selangor,,3.204432°N 101.595561°E,3.204432,101.595561
瓜拉加冷,Desa Kuala Garing,鹅唛,Gombak,雪兰莪,Selangor,,3.338629°N 101.563273°E,3.338629,101.563273
瓜拉加冷南区,Kuala Garing Selatan,鹅唛,Gombak,雪兰莪,Selangor,,3.31715°N 101.56535°E,3.31715,101.56535
林旦村,Lim Tan,鹅唛,Gombak,雪兰莪,Selangor,,3.326609°N 101.571753°E,3.326609,101.571753
甘榜拉惹,Kampung Rajah,鹅唛,Gombak,雪兰莪,Selangor,,3.323544°N 101.573420°E,3.323544,101.573420
拉旺丁,Rawang Tin,鹅唛,Gombak,雪兰莪,Selangor,,3.318147°N 101.572836°E,3.318147,101.572836
美丽村,Sri Indah,鹅唛,Gombak,雪兰莪,Selangor,,3.228439°N 101.575736°E,3.228439,101.575736
双溪巴高,"Sungai Bakau (A, B dan C)",鹅唛,Gombak,雪兰莪,Selangor,,3.320796°N 101.530739°E,3.320796,101.530739
双溪都亚,Sungai Dua,鹅唛,Gombak,雪兰莪,Selangor,,3.312644°N 101.561630°E,3.312644,101.561630
班达马兰,Pendamaran,巴生,Klang,雪兰莪,Selangor,1952,3.00801°N 101.41338°E,3.00801,101.41338
海南村,Bagan Hailam,巴生,Klang,雪兰莪,Selangor,,3.00243°N 101.38657°E,3.00243,101.38657
五条港,Bagan Sungai Lima,巴生,Klang,雪兰莪,Selangor,,3.03984°N 101.27830°E,3.03984,101.27830
吉胆岛,Pulau Ketam,巴生,Klang,雪兰莪,Selangor,,3.0214°N 101.25245°E,3.0214,101.25245
仁嘉隆,Jenjarom,瓜拉冷岳,Kuala Langat,雪兰莪,Selangor,1950,2.87669°N 101.49613°E,2.87669,101.49613
丹绒士拔,Tanjong Sepat,瓜拉冷岳,Kuala Langat,雪兰莪,Selangor,1950,2.65969°N 101.55989°E,2.65969,101.55989
依约,Ijok Baru,瓜拉雪兰莪,Kuala Selangor,雪兰莪,Selangor,,3.31610°N 101.41404°E,3.31610,101.41404
八丁燕带,Batang Berjuntai,瓜拉雪兰莪,Kuala Selangor,雪兰莪,Selangor,,3.37795°N 101.40717°E,3.37795,101.40717
峇东,Tiram Setia,瓜拉雪兰莪,Kuala Selangor,雪兰莪,Selangor,,3.42652°N 101.24703°E,3.42652,101.24703
峇眼巴西,Bagan Pasir,瓜拉雪兰莪,Kuala Selangor,雪兰莪,Selangor,,3.40143°N 101.17098°E,3.40143,101.17098
巴西不南邦,Bagan Pasir Penambang,瓜拉雪兰莪,Kuala Selangor,雪兰莪,Selangor,,3.34753°N 101.25268°E,3.34753,101.25268
沙沙兰,Bagan Sasaran (Sungai Buloh),瓜拉雪兰莪,Kuala Selangor,雪兰莪,Selangor,,3.25878°N 101.30479°E,3.25878,101.30479
双溪章谷,Bagan Sungai Janggut,瓜拉雪兰莪,Kuala Selangor,雪兰莪,Selangor,,3.17327°N 101.31047°E,3.17327,101.31047
双溪加江,Bagan Sungai Kajang,瓜拉雪兰莪,Kuala Selangor,雪兰莪,Selangor,,3.40163°N 101.16918°E,3.40163,101.16918
东姑腊,Bagan Sungai Tengkorak,瓜拉雪兰莪,Kuala Selangor,雪兰莪,Selangor,,3.44910°N 101.13439°E,3.44910,101.13439
双溪由,Bagan Sungai Yu Baru,瓜拉雪兰莪,Kuala Selangor,雪兰莪,Selangor,,3.35389°N 101.24805°E,3.35389,101.24805
蒲种十四哩,"Batu 14, Puchong",八打灵,Petaling,雪兰莪,Selangor,1950,2.99430°N 101.62313°E,2.99430,101.62313
白沙罗,Damansara,八打灵,Petaling,雪兰莪,Selangor,1950,3.12952°N 101.63248°E,3.12952,101.63248
史里肯邦安（沙登,Seri Kembangan (Serdang),八打灵,Petaling,雪兰莪,Selangor,1950,3.02523°N 101.70299°E,3.02523,101.70299
双溪威,Seri Setia (Sungai Way),八打灵,Petaling,雪兰莪,Selangor,1950,3.08941°N 101.61789°E,3.08941,101.61789
梳邦,Subang,八打灵,Petaling,雪兰莪,Selangor,1950,3.14302°N 101.53612°E,3.14302,101.53612
双溪毛糯,Sungai Buloh,八打灵,Petaling,雪兰莪,Selangor,1950,3.19784°N 101.56506°E,3.19784,101.56506
千百家村,Kampung Cempaka,八打灵,Petaling,雪兰莪,Selangor,,3.11727°N 101.59855°E,3.11727,101.59855
18 适耕庄 A 村,"Site A, Sekinchan",沙白安南,Sabak Bernam,雪兰莪,Selangor,1951,3.52626°N 101.142°E,3.52626,101.142
19 适耕庄 B 村,"Site B, Sekinchan",沙白安南,Sabak Bernam,雪兰莪,Selangor,1951,3.50304°N 101.10771°E,3.50304,101.10771
20 适耕庄 C 村,"Site C, Sekinchan",沙白安南,Sabak Bernam,雪兰莪,Selangor,1951,3.51380°N 101.10025°E,3.51380,101.10025
文丁哥坝,Bagan Beting Kepah,沙白安南,Sabak Bernam,雪兰莪,Selangor,,3.79013°N 100.8286°E,3.79013,100.8286
乌暹,Bagan Nakhoda Omar (Simpang BNO),沙白安南,Sabak Bernam,雪兰莪,Selangor,,3.76979°N 100.87623°E,3.76979,100.87623
新沟,Bagan Parit Baru,沙白安南,Sabak Bernam,雪兰莪,Selangor,,3.84536°N 100.84521°E,3.84536,100.84521
适耕庄海口渔村,Bagan Sekinchan,沙白安南,Sabak Bernam,雪兰莪,Selangor,,3.50324°N 101.09722°E,3.50324,101.09722
大港,Bagan Sungai Besar,沙白安南,Sabak Bernam,雪兰莪,Selangor,,3.67160°N 100.98175°E,3.67160,100.98175
双武隆,Bagan Sungai Burung,沙白安南,Sabak Bernam,雪兰莪,Selangor,,3.6926°N 100.93593°E,3.6926,100.93593
水柳头,Bagan Sungai Lang,沙白安南,Sabak Bernam,雪兰莪,Selangor,,3.84477°N 100.82772°E,3.84477,100.82772
浅顶,Bagan Sungai Pulai,沙白安南,Sabak Bernam,雪兰莪,Selangor,,3.72647°N 100.91954°E,3.72647,100.91954
直古鲁,Bagan Teluk Rhu,沙白安南,Sabak Bernam,雪兰莪,Selangor,,3.78574°N 100.83381°E,3.78574,100.83381
沙叻,Salak,雪邦,Sepang,雪兰莪,Selangor,1952,2.7833°N 101.75158°E,2.7833,101.75158
雪邦,Sepang,雪邦,Sepang,雪兰莪,Selangor,1950,2.68731°N 101.74843°E,2.68731,101.74843
龙溪,Dengkil,雪邦,Sepang,雪兰莪,Selangor,1950,2.86067°N 101.67971°E,2.86067,101.67971
双溪比力,Sungai Pelek,雪邦,Sepang,雪兰莪,Selangor,1950,2.64212°N 101.71227°E,2.64212,101.71227
一支港,Batu Satu,雪邦,Sepang,雪兰莪,Selangor,,2.680839°N 101.741858°E,2.680839,101.741858
安邦,Ampang,乌鲁冷岳,Hulu Langat,雪兰莪,Selangor,1952,3.137343°N 101.761395°E,3.137343,101.761395
无拉港,Balakong,乌鲁冷岳,Hulu Langat,雪兰莪,Selangor,1950,3.028980°N 101.747309°E,3.028980,101.747309
万宜,Bangi,乌鲁冷岳,Hulu Langat,雪兰莪,Selangor,1952,2.902257°N 101.783686°E,2.902257,101.783686
蕉赖九英里,"Batu 9, Cheras",乌鲁冷岳,Hulu Langat,雪兰莪,Selangor,1950,3.071862°N 101.768841°E,3.071862,101.768841
蕉赖十一英里,"Batu 11, Cheras",乌鲁冷岳,Hulu Langat,雪兰莪,Selangor,1950,3.045718°N 101.773333°E,3.045718,101.773333
呀吃十四英里,Batu 14，Hulu Langat,乌鲁冷岳,Hulu Langat,雪兰莪,Selangor,1950,3.113403°N 101.814357°E,3.113403,101.814357
呀吃十八英里,Batu 18，Hulu Langat,乌鲁冷岳,Hulu Langat,雪兰莪,Selangor,1950,3.115660°N 101.827768°E,3.115660,101.827768
士毛月,Semeyih,乌鲁冷岳,Hulu Langat,雪兰莪,Selangor,1952,2.951862°N 101.842633°E,2.951862,101.842633
锡米山,Sungai Chua,乌鲁冷岳,Hulu Langat,雪兰莪,Selangor,1950,2.990752°N 101.774445°E,2.990752,101.774445
武来岸（打仑）,Broga (Tarun),乌鲁冷岳,Hulu Langat,雪兰莪,Selangor,1950,2.938245°N 101.910494°E,2.938245,101.910494
仙水港,Bukit Angkat,乌鲁冷岳,Hulu Langat,雪兰莪,Selangor,,2.995948°N 101.769341°E,2.995948,101.769341
关东村,Kwan Tung Baru,乌鲁冷岳,Hulu Langat,雪兰莪,Selangor,,2.982850°N 101.776820°E,2.982850,101.776820
热水湖,Air Panas,乌鲁雪兰莪 ,Hulu Selangor,雪兰莪,Selangor,1950,3.59170°N 101.60884°E,3.59170,101.60884
亚山公邦,Asam Kumbang，KKB,乌鲁雪兰莪 ,Hulu Selangor,雪兰莪,Selangor,1950,3.56336°N 101.66428°E,3.56336,101.66428
峇冬加里,Batang Kali,乌鲁雪兰莪 ,Hulu Selangor,雪兰莪,Selangor,1950,3.46498°N 101.63937°E,3.46498,101.63937
双文丹,Serendah,乌鲁雪兰莪 ,Hulu Selangor,雪兰莪,Selangor,1950,3.36448°N 101.59880°E,3.36448,101.59880
39 叻思,Rasa,乌鲁雪兰莪 ,Hulu Selangor,雪兰莪,Selangor,1950,3.49422°N 101.63082°E,3.49422,101.63082
舍江栋,"Sejantung, Kalumpang",乌鲁雪兰莪 ,Hulu Selangor,雪兰莪,Selangor,1950,3.63528°N 101.56994°E,3.63528,101.56994
乌鲁音峇鲁,Ulu Yam Baru,乌鲁雪兰莪 ,Hulu Selangor,雪兰莪,Selangor,1950,3.42198°N 101.66236°E,3.42198,101.66236
乌鲁音南马,Ulu Yam Lama,乌鲁雪兰莪 ,Hulu Selangor,雪兰莪,Selangor,1950,3.45405°N 101.64142°E,3.45405,101.64142
哈山村,Taman Hassan,乌鲁雪兰莪 ,Hulu Selangor,雪兰莪,Selangor,,3.67243°N 101.51727°E,3.67243,101.51727
板厂村,Kilang Papan,乌鲁雪兰莪 ,Hulu Selangor,雪兰莪,Selangor,,3.66973°N 101.53041°E,3.66973,101.53041
民友路村,"Kampung Menyuruk, Batang Kali",乌鲁雪兰莪 ,Hulu Selangor,雪兰莪,Selangor,,3.46848°N 101.63597°E,3.46848,101.63597
哈仑村,"Kampung Datuk Harun, Serendah",乌鲁雪兰莪 ,Hulu Selangor,雪兰莪,Selangor,,3.36742°N 101.60912°E,3.36742,101.60912
柯士干村,"Kampung Koskan, Serendah",乌鲁雪兰莪 ,Hulu Selangor,雪兰莪,Selangor,,3.35966°N 101.56191°E,3.35966,101.56191
榴莲知贝,Durian Tipus,日叻务,Jelebu,森美兰,Negeri Sembilan,1950,3.11911°N 102.22212°E,3.11911,102.22212
半芭新村,Ladang Jelebu,日叻务,Jelebu,森美兰,Negeri Sembilan,1950,2.97497°N 102.05983°E,2.97497,102.05983
葫芦顶,Pertang,日叻务,Jelebu,森美兰,Negeri Sembilan,1950,2.95957°N 102.21774°E,2.95957,102.21774
古打灵新村,Kampung Petaling,日叻务,Jelebu,森美兰,Negeri Sembilan,1950,2.94837°N 102.05885°E,2.94837,102.05885
新邦葫芦顶,Simpang Pertang,日叻务,Jelebu,森美兰,Negeri Sembilan,1950,2.94292°N 102.2604°E,2.94292,102.2604
双溪文都,Sungai Muntuh,日叻务,Jelebu,森美兰,Negeri Sembilan,1950,3.0199°N 102.08191°E,3.0199,102.08191
知知港,Titi,日叻务,Jelebu,森美兰,Negeri Sembilan,1950,2.99773°N 102.07743°E,2.99773,102.07743
河沙坝,Hosapa,日叻务,Jelebu,森美兰,Negeri Sembilan,,2.99482°N 102.07491°E,2.99482,102.07491
亚逸依淡,Ayer Hitam,仁保,Jempol,森美兰,Negeri Sembilan,1961,2.92971°N 102.3777°E,2.92971,102.3777
巴加峇都,Bakar Batu,仁保,Jempol,森美兰,Negeri Sembilan,1950,2.80619°N 102.40394°E,2.80619,102.40394
武吉庇劳,Bukit Pilah,仁保,Jempol,森美兰,Negeri Sembilan,1950,2.70792°N 102.50467°E,2.70792,102.50467
朱区,Chu Ward,仁保,Jempol,森美兰,Negeri Sembilan,1950,2.8075°N 102.40331°E,2.8075,102.40331
马身新村,Kampung Mahsan,仁保,Jempol,森美兰,Negeri Sembilan,1950,2.83249°N 102.40856°E,2.83249,102.40856
甘榜英达,Kampung Indah,仁保,Jempol,森美兰,Negeri Sembilan,1950,2.8122°N 102.40609°E,2.8122,102.40609
弄边,Rompin,仁保,Jempol,森美兰,Negeri Sembilan,,2.70601°N 102.50367°E,2.70601,102.50367
亚依马旺,Ayer Mawang,瓜拉庇劳,Kuala Pilah,森美兰,Negeri Sembilan,,2.55856°N 102.25708°E,2.55856,102.25708
武吉古鲁莪新村,Desa Bukit Gelugor,瓜拉庇劳,Kuala Pilah,森美兰,Negeri Sembilan,1950,2.80199°N 102.31346°E,2.80199,102.31346
冷宜,Dangi,瓜拉庇劳,Kuala Pilah,森美兰,Negeri Sembilan,1950,2.64481°N 102.32115°E,2.64481,102.32115
及必士10哩,"Kepis, Batu 10",瓜拉庇劳,Kuala Pilah,森美兰,Negeri Sembilan,1950,2.70628°N 102.36649°E,2.70628,102.36649
瓜拉油麻坡,Kuala Jemapoh,瓜拉庇劳,Kuala Pilah,森美兰,Negeri Sembilan,1952,2.7776°N 102.28358°E	,2.7776,102.28358
巴力丁宜,Parit Tinggi,瓜拉庇劳,Kuala Pilah,森美兰,Negeri Sembilan,1950,2.78738°N 102.22218°E,2.78738,102.22218
新邦浪谊,Simpang Dangi,瓜拉庇劳,Kuala Pilah,森美兰,Negeri Sembilan,1958,2.63622°N 102.29066°E,2.63622,102.29066
丹那美村 A 村,Desa Tanah Merah Site A,波德申,Port Dickson,森美兰,Negeri Sembilan,1952,2.67861°N 101.7613°E,2.67861,101.7613
丹那美村 C 村,Desa Tanah Merah Site C,波德申,Port Dickson,森美兰,Negeri Sembilan,1952,2.61333°N 101.80414°E,2.61333,101.80414
双溪立百新村,Desa Sungai Nipah,波德申,Port Dickson,森美兰,Negeri Sembilan,1953,2.62579°N 101.7469°E,2.62579,101.7469
叻务八英里新村,Desa Batu 8 Labu,芙蓉,Seremban,森美兰,Negeri Sembilan,1950,2.74129°N 101.85636°E,2.74129,101.85636
武来岸新村,Broga,芙蓉,Seremban,森美兰,Negeri Sembilan,1950,2.9358°N 101.91117°E,2.9358,101.91117
万茂新村,Desa Mambau,芙蓉,Seremban,森美兰,Negeri Sembilan,1950,2.6686°N 101.91733°E,2.6686,101.91733
文丁,Mantin,芙蓉,Seremban,森美兰,Negeri Sembilan,1952,2.82303°N 101.89462°E,2.82303,101.89462
汝来,Nilai,芙蓉,Seremban,森美兰,Negeri Sembilan,1952,2.80856°N 101.80225°E,2.80856,101.80225
巴音,Pajam,芙蓉,Seremban,森美兰,Negeri Sembilan,1951,2.84311°N 101.84953°E,2.84311,101.84953
班底,Pantai,芙蓉,Seremban,森美兰,Negeri Sembilan,1951,2.78781°N 101.99628°E,2.78781,101.99628
芭蕾新村,Desa Paroi,芙蓉,Seremban,森美兰,Negeri Sembilan,1950,2.72345°N 102.00026°E,2.72345,102.00026
拉杭新村,Desa Rahang,芙蓉,Seremban,森美兰,Negeri Sembilan,1952,2.69564°N 101.96403°E,2.69564,101.96403
亚沙,Rasah,芙蓉,Seremban,森美兰,Negeri Sembilan,1951,2.69886°N 101.93247°E,2.69886,101.93247
小甘蜜,Sikamat,芙蓉,Seremban,森美兰,Negeri Sembilan,1950,2.74539°N 101.96694°E,2.74539,101.96694
乌鲁峇玲珑,Ulu Beranang,芙蓉,Seremban,森美兰,Negeri Sembilan,1950,2.89347°N 101.92842°E,2.89347,101.92842
亚逸昆宁新村,Desa Ayer Kuning,淡边,Tampin,森美兰,Negeri Sembilan,1950,2.50786°N 102.47833°E,2.50786,102.47833
义乐新村,Desa Gedok,淡边,Tampin,森美兰,Negeri Sembilan,1950,2.54721°N 102.42056°E,2.54721,102.42056
金马士,Gemas,淡边,Tampin,森美兰,Negeri Sembilan,1950,2.58542°N 102.6209°E,2.58542,102.6209
淡边新村,Gemas,淡边,Tampin,森美兰,Negeri Sembilan,1950,2.47817°N 102.23105°E,2.47817,102.23105
林鲁,Lendu (Air Bemban),亚罗牙也,Alor Gajah,马六甲,Melaka,1950,2.35745°N 102.17105°E,2.35745,102.17105
马接峇儒,Machap Baru,亚罗牙也,Alor Gajah,马六甲,Melaka,1950,2.38194°N 102.33068°E,2.38194,102.33068
马接翁武 （柏美）, Machap Umbor (Permai),亚罗牙也,Alor Gajah,马六甲,Melaka,1950,2.38319°N 102.2774°E,2.38319,102.2774
巴也明光新村,Kampung Baru Paya Mengkung,亚罗牙也,Alor Gajah,马六甲,Melaka,1949,2.34626°N 102.06725°E,2.34626,102.06725
打波南宁,Taboh Naning,亚罗牙也,Alor Gajah,马六甲,Melaka,1950,2.48124°N 102.18699°E,2.48124,102.18699
武吉亚沙汉,Bukit Asahan,野新,Jasin,马六甲,Melaka,1950,2.39414°N 102.54432°E,2.39414,102.54432
武吉加东,Bulit Katong,野新,Jasin,马六甲,Melaka,1950,2.32213°N 102.45915°E,2.32213,102.45915
安乐新村,Kampung On Lok,野新,Jasin,马六甲,Melaka,1950,2.47166°N 102.38373°E,2.47166,102.38373
巴力葛利灵,Parit Keliling,野新,Jasin,马六甲,Melaka,1950,2.35977°N 102.50177°E,2.35977,102.50177
冯鹿峇登新村,Pondok Batang,野新,Jasin,马六甲,Melaka,1950,2.3854°N 102.50989°E,2.3854,102.50989
新邦木阁,Sempang Bekoh,野新,Jasin,马六甲,Melaka,1950,2.35744°N 102.5121°E,2.35744,102.5121
亚逸马吉,Air Manggis,野新,Jasin,马六甲,Melaka,,2.28989°N 102.42792°E,2.28989,102.42792
广西村,Kampung Kongsi,野新,Jasin,马六甲,Melaka,,2.27572°N 102.41539°E,2.27572,102.41539
安极乐,Ayer Keroh ,马六甲中央区,Melaka Tengah,马六甲,Melaka,1950,2.26373°N 102.28365°E,2.26373,102.28365
亚依沙叻,Ayer Salak,马六甲中央区,Melaka Tengah,马六甲,Melaka,1951,2.27237°N 102.16731°E	,2.27237,102.16731
柏淡乌鲁新村,Bertam Ulu,马六甲中央区,Melaka Tengah,马六甲,Melaka,1950,2.28885°N 102.19377°E	,2.28885,102.19377
武吉波浪 ,Bukit Beruang,马六甲中央区,Melaka Tengah,马六甲,Melaka,1953,2.24002°N 102.27792°E,2.24002,102.27792
武吉南眉,Bukit Rambai,马六甲中央区,Melaka Tengah,马六甲,Melaka,1951,2.25267°N 102.18284°E	,2.25267,102.18284
双溪乌浪,Sungai Udang,马六甲中央区,Melaka Tengah,马六甲,Melaka,1950,2.28414°N 102.13364°E,2.28414,102.13364
丹绒米雅,Tanjong Minyak,马六甲中央区,Melaka Tengah,马六甲,Melaka,1951,2.26388°N 102.19923°E,2.26388,102.19923
丁赖,Tiang Dua,马六甲中央区,Melaka Tengah,马六甲,Melaka,1957,2.21417°N 102.3613°E,2.21417,102.3613
丹绒吉灵,Tanjung Keling,马六甲中央区,Melaka Tengah,马六甲,Melaka,,2.22284°N 102.16484°E,2.22284,102.16484
亚依淡,Ayer Hitam,峇株巴辖,Batu Pahat,柔佛,Johor,1952,1.91817°N 103.17952°E,1.91817,103.17952
新港,Kangkar Baharu,峇株巴辖,Batu Pahat,柔佛,Johor,1951,2.06371°N 103.12355°E,2.06371,103.12355
南利,Lam Lee,峇株巴辖,Batu Pahat,柔佛,Johor,1952,2.09413°N 103.04598°E,2.09413,103.04598
巴力拉惹,Parit Raja,峇株巴辖,Batu Pahat,柔佛,Johor,1951,1.8648°N 103.11241°E,1.8648,103.11241
巴力士隆,Parit Sulong,峇株巴辖,Batu Pahat,柔佛,Johor,1951,1.8648°N 103.11241°E,1.8648,103.11241
巴力也尼,Parit Yaani,峇株巴辖,Batu Pahat,柔佛,Johor,1951,1.97587°N 102.88282°E,1.97587,102.88282
龙引,Rengit,峇株巴辖,Batu Pahat,柔佛,Johor,1952,1.95404°N 103.02586°E,1.95404,103.02586
圣模那,Semerah,峇株巴辖,Batu Pahat,柔佛,Johor,1952,1.88331°N 102.7825°E,1.88331,102.7825
新加兰,Senggarang,峇株巴辖,Batu Pahat,柔佛,Johor,1952,1.74912°N 103.0523°E,1.74912,103.0523
四加亭,Seri Gading,峇株巴辖,Batu Pahat,柔佛,Johor,1950,1.85416°N 103.03044°E,1.85416,103.03044
铁山,Seri Medan,峇株巴辖,Batu Pahat,柔佛,Johor,1950,1.98371°N 102.95638°E,1.98371,102.95638
中江 ,Tongkang Pcchah,峇株巴辖,Batu Pahat,柔佛,Johor,1954,1.90634°N 102.95057°E,1.90634,102.95057
永平,Yong Peng,峇株巴辖,Batu Pahat,柔佛,Johor,1950,2.01111°N 103.06657°E,2.01111,103.06657
港脚,Kangkar Senanger,峇株巴辖,Batu Pahat,柔佛,Johor,,2.02659°N 102.883°E,2.02659,102.883
海口,Minyak Beku,峇株巴辖,Batu Pahat,柔佛,Johor,,1.80138°N 102.90553°E,1.80138,102.90553
班卒,Panchor,峇株巴辖,Batu Pahat,柔佛,Johor,,1.86702°N 103.003°E,1.86702,103.003
巴力务鲁,Parit Buloh,峇株巴辖,Batu Pahat,柔佛,Johor,,1.88998°N 102.98936°E,1.88998,102.98936
新立村,Sin Lik,峇株巴辖,Batu Pahat,柔佛,Johor,,2.07092°N 103.14353°E,2.07092,103.14353
峇眼/大巴力,Bagan/Parit Besar,峇株巴辖,Batu Pahat,柔佛,Johor,,1.8479°N 102.85826°E,1.8479,102.85826
石文丁,Segenting,峇株巴辖,Batu Pahat,柔佛,Johor,,1.7845°N 102.89324°E,1.7845,102.89324
亚逸文满,Ayer Bemban,新山,Johor Bahru,柔佛,Johor,1950,1.69883°N 103.48466°E,1.69883,103.48466
万孚,Ban Foo,新山,Johor Bahru,柔佛,Johor,1950,1.56709°N 103.8538°E,1.56709,103.8538
武吉峇都,Bukit Batu,新山,Johor Bahru,柔佛,Johor,1950,1.73408°N 103.44379°E,1.73408,103.44379
振林山,Gelang Patah,新山,Johor Bahru,柔佛,Johor,1950,1.44942°N 103.58727°E,1.44942,103.58727
江加埔来,Kangkar Pulai,新山,Johor Bahru,柔佛,Johor,1950,1.55979°N 103.59284°E,1.55979,103.59284
陈厝港,Kangkar Tebrau,新山,Johor Bahru,柔佛,Johor,1951,1.5312°N 103.75577°E,1.5312,103.75577
加拉巴沙威,Kelapa Sawit,新山,Johor Bahru,柔佛,Johor,1950,1.67143°N 103.53051°E,1.67143,103.53051
古来,Kulai,新山,Johor Bahru,柔佛,Johor,1950,1.6585°N 103.6006°E,1.6585,103.6006
五间店,Lima Kedai,新山,Johor Bahru,柔佛,Johor,1950,1.50231°N 103.61698°E,1.50231,103.61698
马西,Masai,新山,Johor Bahru,柔佛,Johor,1952,1.49109°N 103.88329°E,1.49109,103.88329
班兰,Pandan,新山,Johor Bahru,柔佛,Johor,1950,1.52732°N 103.7667°E,1.52732,103.7667
避兰东,Pelentong,新山,Johor Bahru,柔佛,Johor,1950,1.52423°N 103.82266°E,1.52423,103.82266
沙令,Saleng,新山,Johor Bahru,柔佛,Johor,1950,1.62975°N 103.63385°E,1.62975,103.63385
士年纳,Sedenak,新山,Johor Bahru,柔佛,Johor,1951,1.71063°N 103.52666°E,1.71063,103.52666
泗隆,Kampung Seelong,新山,Johor Bahru,柔佛,Johor,1951,1.6301°N 103.69536°E,1.6301,103.69536
士乃,Senai,新山,Johor Bahru,柔佛,Johor,1950,1.6012°N 103.64468°E,1.6012,103.64468
新港,Sengkang,新山,Johor Bahru,柔佛,Johor,1950,1.68872°N 103.57212°E,1.68872,103.57212
士姑来,Sekudai,新山,Johor Bahru,柔佛,Johor,1950,1.52484°N 103.67178°E,1.52484,103.67178
乌鲁槽,Ulu Clooh,新山,Johor Bahru,柔佛,Johor,,1.53309°N 103.54556°E,1.53309,103.54556
乌鲁地南,Ulu Tiram,新山,Johor Bahru,柔佛,Johor,1950,1.59958°N 103.81768°E,1.59958,103.81768
甘拔士峇鲁,Kempas Baru,新山,Johor Bahru,柔佛,Johor,1951,1.52877°N 103.70505°E,1.52877,103.70505
 翁姑慕申,Ungku Mohsin,新山,Johor Bahru,柔佛,Johor,,1.51341°N 103.73904°E,1.51341,103.73904
淡杯,Tampoi,新山,Johor Bahru,柔佛,Johor,,1.49986°N 103.70283°E,1.49986,103.70283
占美,Chamek,居銮,Kluang,柔佛,Johor,1949,2°08′35″N 103°14′19″E,2.1430555555555557,103.23861111111111
加亨,Kahang,居銮,Kluang,柔佛,Johor,1952,2°12′47″N 103°32′39″E,2.2130555555555556,103.54416666666667
甘光佳雅,Kampung Gaiah,居銮,Kluang,柔佛,Johor,1952,2°06′14″N 103°23′37″E,2.103888888888889,103.39361111111111
甘光巴野,Kampung Paya,居銮,Kluang,柔佛,Johor,1950,2°02′32″N 103°20′08″E,2.042222222222222,103.33555555555554
拉央拉央,Layang Layang,居銮,Kluang,柔佛,Johor,1952,1°48′46″N 103°28′46″E,1.8127777777777778,103.47944444444444
吗什,Machap,居銮,Kluang,柔佛,Johor,1952,1°52′58″N 103°15′46″E,1.8827777777777779,103.26277777777777
梁站,Niyor,居銮,Kluang,柔佛,Johor,1954,2°05′41″N 103°16′45″E,2.0947222222222224,103.27916666666667
巴罗,Paloh,居銮,Kluang,柔佛,Johor,1952,2°11′21″N 103°11′43″E,2.1891666666666665,103.19527777777778
令金,Renggam,居銮,Kluang,柔佛,Johor,1951,1°53′04″N 103°24′01″E,1.8844444444444444,103.40027777777779
新邦令金,Simpang Renggam,居銮,Kluang,柔佛,Johor,1952,1°49′30″N 103°18′32″E,1.825,103.30888888888889
实里拉龙,Seri Lalang,居銮,Kluang,柔佛,Johor,1952,1°59′38″N 103°15′11″E,1.993888888888889,103.25305555555556
双溪沙翁,Sungai Sayong,居銮,Kluang,柔佛,Johor,1950,1°55′21″N 103°22′24″E,1.9224999999999999,103.37333333333332
巴西高谷,Pasir Gogok,哥打丁宜,Kota Tinggi,柔佛,Johor,1952,1.41925°N 104.10078°E,1.41925,104.10078
四湾岛,Sungai Renggit,哥打丁宜,Kota Tinggi,柔佛,Johor,1952,1.35033°N 104.22213°E,1.35033,104.22213
南亚,Telok Sengat,哥打丁宜,Kota Tinggi,柔佛,Johor,1952,1.5621°N 104.0318°E,1.5621,104.0318
龙望路二条石村,Batu 2 Jalan Lombong,哥打丁宜,Kota Tinggi,柔佛,Johor,,1.75165°N 103.89106°E,1.75165,103.89106
瓜拉素里里,Kuala Sedili,哥打丁宜,Kota Tinggi,柔佛,Johor,,1.92721°N 104.12154°E,1.92721,104.12154
卢骨支那,Lukut Cina,哥打丁宜,Kota Tinggi,柔佛,Johor,,1.74447°N 103.91051°E,1.74447,103.91051
任罗宏（三版头）,Jermaluang,丰盛港,Mersing,柔佛,Johor,1949,2.2769°N 103.8569°E,2.2769,103.8569
好旺村,Kampubg Hubung,丰盛港,Mersing,柔佛,Johor,1952,2.62293°N 103.64679°E,2.62293,103.64679
小丰盛,Mersing Kechil,丰盛港,Mersing,柔佛,Johor,1952,2.42404°N 103.83926°E,2.42404,103.83926
興樓,Endau,丰盛港,Mersing,柔佛,Johor,,2.65461°N 103.61829°E,2.65461,103.61829
木阁,Bekoh,麻坡,Muar,柔佛,Johor,1950,2.34979°N 102.51995°E,2.34979,102.51995
巴口,Bakri,麻坡,Muar,柔佛,Johor,1950,2.04249°N 102.65396°E,2.04249,102.65396
武吉甘蜜,Bukit Gambir,麻坡,Muar,柔佛,Johor,1951,2.2138°N 102.6559°E,2.2138,102.6559
武吉港脚,Bukit Kangkar,麻坡,Muar,柔佛,Johor,1952,2.17464°N 102.55387°E,2.17464,102.55387
武吉巴西,Bukit Kepong,麻坡,Muar,柔佛,Johor,1950,2.34558°N 102.83196°E,2.34558,102.83196
武吉摩,Bukit Mor,麻坡,Muar,柔佛,Johor,1950,1.97492°N 102.66192°E,1.97492,102.66192
武吉巴西,Bukit Pasir,麻坡,Muar,柔佛,Johor,1952,2.09847°N 102.63745°E,2.09847,102.63745
居本峇鲁,Kebun Baharu,麻坡,Muar,柔佛,Johor,1951,2.39255°N 102.6846°E,2.39255,102.6846
坤兰于汝,Kundang  Ulu,麻坡,Muar,柔佛,Johor,1951,2.23541°N 102.7695°E,2.23541,102.7695
岭嘉,Lenga,麻坡,Muar,柔佛,Johor,1951,2.27413°N 102.8153°E,2.27413,102.8153
巴莪,Pagoh,麻坡,Muar,柔佛,Johor,1952,2.14912°N 102.77146°E,2.14912,102.77146
班卒,Panchor,麻坡,Muar,柔佛,Johor,1951,2.1716°N 102.71244°E,2.1716,102.71244
砂益,Sagil,麻坡,Muar,柔佛,Johor,1950,2.30535°N 102.61453°E,2.30535,102.61453
实廊,Serom,麻坡,Muar,柔佛,Johor,1952,2.16529°N 102.58651°E,2.16529,102.58651
利丰港,Sungai Mati,麻坡,Muar,柔佛,Johor,1952,2.14558°N 102.56254°E,2.14558,102.56254
东甲,Tangkak,麻坡,Muar,柔佛,Johor,1952,2.273°N 102.5391°E,2.273,102.5391
巴口西区,Bakri Barat,麻坡,Muar,柔佛,Johor,,2.0492°N 102.6657°E,2.0492,102.6657
六马路,Jalan Daud,麻坡,Muar,柔佛,Johor,,2.0422°N 102.57339°E,2.0422,102.57339
巴力峇九,Parit Bakar,麻坡,Muar,柔佛,Johor,,2.00278°N 102.60542°E,2.00278,102.60542
沙巴莪,Sabak Awor,麻坡,Muar,柔佛,Johor,,2.07139°N 102.56341°E,2.07139,102.56341
二南,Simpang Jeram,麻坡,Muar,柔佛,Johor,,2.04974°N 102.61384°E,2.04974,102.61384
北干那那,Pekan Nanas,笨珍,Pontian,柔佛,Johor,1952,1.5088°N 103.5113°E,1.5088,103.5113
龟咯山顶,Permas Kukup,笨珍,Pontian,柔佛,Johor,,1.33446°N 103.45604°E,1.33446,103.45604
亚逸峇礼,Ayer Baloi,笨珍,Pontian,柔佛,Johor,,1.58709°N 103.33919°E,1.58709,103.33919
咸水港,Ayer Baloi,笨珍,Pontian,柔佛,Johor,,1.33209°N 103.4429°E,1.33209,103.4429
文律,Benut,笨珍,Pontian,柔佛,Johor,,1.6438°N 103.2587°E,1.6438,103.2587
龟咯港脚,Kukup Laut,笨珍,Pontian,柔佛,Johor,,1.3242°N 103.44259°E,1.3242,103.44259
72 峇都安南,Batu Enam,昔加末,Segamat,柔佛,Johor,1950,2.57971°N 102.70890°E,2.57971,102.70890
73 彼咯,Bekok,昔加末,Segamat,柔佛,Johor,1951,2.29685°N 103.13199°E,2.29685,103.13199
74 武吉仕砵（红牌）,Bukit Siput (Ang Pai),昔加末,Segamat,柔佛,Johor,1950,2.48392°N 102.84964°E,2.48392,102.84964
75 巫罗加什,Buloh Kasap,昔加末,Segamat,柔佛,Johor,1951,2.54978°N 102.76514°E,2.54978,102.76514
76 三合港,Chaah,昔加末,Segamat,柔佛,Johor,1951,2.24573°N 103.04162°E,2.24573,103.04162
77 金马士峇鲁（大港）,Gemas Baharu,昔加末,Segamat,柔佛,Johor,1951,2.58401°N 102.62857°E,2.58401,102.62857
78 利民达,Jementah,昔加末,Segamat,柔佛,Johor,1952,2.44056°N 102.6858°E,2.44056,102.6858
79 亚罗拉新村,Kampung Abdulah,昔加末,Segamat,柔佛,Johor,1951,2.50367°N 102.82714°E,2.50367,102.82714
80 甘榜登雅,Kampung Tengah,昔加末,Segamat,柔佛,Johor,1950,2.52996°N 102.82714°E,2.52996,102.82714
81 拉美士,Labis,昔加末,Segamat,柔佛,Johor,1952,2.38362°N 103.02114°E,2.38362,103.02114
82 北根里依班拿士（内丁能） ,Pekan Air Panas,昔加末,Segamat,柔佛,Johor,1952,2.46693°N 103.05623°E,2.46693,103.05623
83 北根冶美,Pekan Jai,昔加末,Segamat,柔佛,Johor,1950,2.53323°N 102.80767°E,2.53323,102.80767
84 双溪加叻,Sungai Karas,昔加末,Segamat,柔佛,Johor,1952,2.35543°N 103.03839°E,2.35543,103.03839
广西村,Kg. Kwongsai,昔加末,Segamat,柔佛,Johor,,2.4783°N 102.92277°E,2.4783,102.92277
丁能田芭村,Kg. Sawah Padi Tenang,昔加末,Segamat,柔佛,Johor,,2.47381°N 102.95515°E,2.47381,102.95515
东猛新村,Kg. Tambang Batu 7,昔加末,Segamat,柔佛,Johor,,2.63757°N 102.74256°E,2.63757,102.74256
武吉丁宜新村,Kampung Baharu Bukit Tinggi,文冬,Bentong,彭亨,Pahang,1951,3.34927°N 101.82142°E,3.34927,101.82142
暹猛新村,Kampung Baharu Camang,文冬,Bentong,彭亨,Pahang,1950,3.52875°N 101.90191°E,3.52875,101.90191
加叻,Karak,文冬,Bentong,彭亨,Pahang,1950,3.41436°N 102.03551°E,3.41436,102.03551
吉打里,Keteri,文冬,Bentong,彭亨,Pahang,1950,3.50661°N 101.91325°E,3.50661,101.91325
文积,Mancis,文冬,Bentong,彭亨,Pahang,1950,3.20177°N 102.16214°E,3.20177,102.16214
玻璃口新村 ,,文冬,Bentong,彭亨,Pahang,1950,3.51969°N 101.90601°E,3.51969,101.90601
力巴士新村,Repas,文冬,Bentong,彭亨,Pahang,1950,3.53077°N 101.90314°E,3.53077,101.90314
斯里地里望,Sri Telemong,文冬,Bentong,彭亨,Pahang,1950,3.35727°N 102.06517°E,3.35727,102.06517
双溪都亚新村,Sungai Dua,文冬,Bentong,彭亨,Pahang,1950,3.45584°N 101.99467°E,3.45584,101.99467
双溪加杯,Sungai Gapoi,文冬,Bentong,彭亨,Pahang,1950,3.27241°N 102.10565°E,3.27241,102.10565
宋溪本祖令新村,Sungai Penjuring,文冬,Bentong,彭亨,Pahang,1950,3.61329°N 101.87778°E,3.61329,101.87778
双溪必得,Sungai Penjuring,文冬,Bentong,彭亨,Pahang,1950,3.32659°N 102.06116°E,3.32659,102.06116
地里望,Telemung,文冬,Bentong,彭亨,Pahang,1950,3.29043°N 102.08802°E,3.29043,102.08802
旧玻哩口,Ulu Perting,文冬,Bentong,彭亨,Pahang,1950,3.51452°N 101.90484°E,3.51452,101.90484
甘榜拉惹,Kampung Raja,金马伦,Cameron,彭亨,Pahang,1962,3.51452°N 101.90484°E,3.51452,101.90484
美兰村,Kea Farm,金马伦,Cameron,彭亨,Pahang,1950,4.50366°N 101.41234°E,4.50366,101.41234
瓜拉地位,Kuala Tela,金马伦,Cameron,彭亨,Pahang,1949,4.54794°N 101.41549°E,4.54794,101.41549
巴登威利,Bertam Valley,金马伦,Cameron,彭亨,Pahang,1952,4.41501°N 101.39877°E,4.41501,101.39877
冷力,Ringlet,金马伦,Cameron,彭亨,Pahang,1951,4.41402°N 101.38409°E,4.41402,101.38409
直冷甲,Teringkap,金马伦,Cameron,彭亨,Pahang,1950,4.51567°N 101.42863°E,4.51567,101.42863
峇都峇来,Batu Balai,而连突,Jerantut,彭亨,Pahang,1950,3.97888°N 102.17151°E,3.97888,102.17151
而连宋,Jeransang,而连突,Jerantut,彭亨,Pahang,1961,3.85996°N 102.36219°E,3.85996,102.36219
南唛,Damak,而连突,Jerantut,彭亨,Pahang,1950,3.94947°N 102.21544°E,3.94947,102.21544
新生港,Padang Sejana,而连突,Jerantut,彭亨,Pahang,1970,3.91350°N 102.37611°E,3.91350,102.37611
双溪仁,Sungai Jan,而连突,Jerantut,彭亨,Pahang,1950,3.94133°N 102.36518°E,3.94133,102.36518
友联港,Sungai Lekok,而连突,Jerantut,彭亨,Pahang,1951,3.90144°N 102.33079°E,3.90144,102.33079
57碑,Batu 57,而连突,Jerantut,彭亨,Pahang,,3.94205°N 102.39099°E,3.94205,102.39099
双溪芭乌鲁,Sungai Par Ulu,而连突,Jerantut,彭亨,Pahang,,3.92747°N 102.32441°E,3.92747,102.32441
甘孟,Gambang,关丹,Kuantan,彭亨,Pahang,1950,3.70716°N 103.09947°E,3.70716,103.09947
斯里德伦敦,Seri Teruntum (Tanah Puteh),关丹,Kuantan,彭亨,Pahang,1954,3.80047°N 103.3126°E,3.80047,103.3126
林明横港,Seberang Baru Sungai Lembing,关丹,Kuantan,彭亨,Pahang,,3.91003°N 103.02864°E,3.91003,103.02864
文打,Benta,立卑,Lipis,彭亨,Pahang,1951,4.01918°N 101.96456°E,4.01918,101.96456
日利谷,Jerkuh,立卑,Lipis,彭亨,Pahang,1951,4.03955°N 101.95489°E,4.03955,101.95489
巴登冬菇,Padang Tengku,立卑,Lipis,彭亨,Pahang,1951,4.23406°N 101.99158°E,4.23406,101.99158
槟绒新村,Penjum,立卑,Lipis,彭亨,Pahang,1952,4.11551°N 102.0054°E,4.11551,102.0054
斯里再也,Sri Jaya,马兰,Maran,彭亨,Pahang,1960,3.67334°N 102.87441°E,3.67334,102.87441
双溪热力,Sungai Jerik,马兰,Maran,彭亨,Pahang,1950,3.78617°N 102.64288°E,3.78617,102.64288
武吉公满新村,Bukit Koman,劳勿,Raub,彭亨,Pahang,1950,3.81776°N 101.85206°E,3.81776,101.85206
积罗,Ceruh,劳勿,Raub,彭亨,Pahang,1950,3.90268°N 101.81358°E,3.90268,101.81358
生利新村,Sang Lee,劳勿,Raub,彭亨,Pahang,1950,3.65745°N 101.84495°E,3.65745,101.84495
新巴力新村,Sempalit,劳勿,Raub,彭亨,Pahang,1950,3.80093°N 101.87148°E,3.80093,101.87148
双溪只登新村,Sungai Cetang,劳勿,Raub,彭亨,Pahang,1951,3.71063°N 101.82151°E,3.71063,101.82151
双溪吉挠,Sungai Klau,劳勿,Raub,彭亨,Pahang,1950,3.74523°N 101.98034°E	,3.74523,101.98034
双溪内新村,Sungai Lui,劳勿,Raub,彭亨,Pahang,1950,3.81163°N 101.84736°E,3.81163,101.84736
双溪兰新村,Sungai Ruan,劳勿,Raub,彭亨,Pahang,1951,3.80758°N 101.93872°E,3.80758,101.93872
都赖新村,Teras,劳勿,Raub,彭亨,Pahang,1951,3.74043°N 101.80812°E,3.74043,101.80812
双溪查力,Sungai Chalit,劳勿,Raub,彭亨,Pahang,,3.75693°N 102.00699°E,3.75693,102.00699
加流,Kerdau,淡马鲁,Temerloh,彭亨,Pahang,1952,3.57433°N 102.36988°E,3.57433,102.36988
瓜拉吉挠,Kuala Kerau,淡马鲁,Temerloh,彭亨,Pahang,1950,3.70922°N 102.36865°E,3.70922,102.36865
兰增,Lancang,淡马鲁,Temerloh,彭亨,Pahang,1950,3.49461°N 102.19199°E,3.49461,102.19199
文德甲,Mentekab,淡马鲁,Temerloh,彭亨,Pahang,1950,3.48757°N 102.35218°E,3.48757,102.35218
淡马鲁,Temerloh,淡马鲁,Temerloh,彭亨,Pahang,1950,3.45357°N 102.41798°E,3.45357,102.41798
布兰莪,Kampung Belenggu Halt,淡马鲁,Temerloh,彭亨,Pahang,,3.37154°N 102.42847°E,3.37154,102.42847
五哩村,Kampung Batu 5,龙运,Dungun,丁加奴,Terengganu,1950,4.71524°N 103.4169°E,4.71524,103.4169
亚依仁耐,Air Jernih,甘马挽,Kemaman,丁加奴,Terengganu,1954,4.40840°N 103.39753°E,4.40840,103.39753
蒲菜,Pulai Baru,瓜拉丁加奴,Kuala Terengganu,丁加奴,Terengganu,1953,5.37369°N 103.0585°E,5.37369,103.0585
柏丹,Bertam,话望生,Gua Musang,吉兰丹,Kelantan,1952,5.14528°N 102.04711°E,5.14528,102.04711
话望生,Gua Musang,话望生,Gua Musang,吉兰丹,Kelantan,1952,4.88337°N 101.96349°E,4.88337,101.96349
峇都巴板,Batu Papan,话望生,Gua Musang,吉兰丹,Kelantan,,4.84209°N 101.94741°E,4.84209,101.94741
布赖,Dusun Pulai,话望生,Gua Musang,吉兰丹,Kelantan,,4.79041°N 101.94389°E	,4.79041,101.94389
新金马,Germang Baru,日里,Jeli,吉兰丹,Kelantan,1952,5.76194°N 101.86505°E,5.76194,101.86505
日里,Seberang Jeli,日里,Jeli,吉兰丹,Kelantan,1952,5.69618°N 101.83233°E,5.69618,101.83233
加莱,Kalai,日里,Jeli,吉兰丹,Kelantan,1952,5.75057°N 101.74614°E,5.75057,101.74614
瓜拉巴辣,Kuala Balah,日里,Jeli,吉兰丹,Kelantan,1952,5.44143°N 101.91077°E,5.44143,101.91077
古墓峇诛,Kubur Datu,日里,Jeli,吉兰丹,Kelantan,1952,5.51198°N 101.89281°E,5.51198,101.89281
叻嘉,Legeh,日里,Jeli,吉兰丹,Kelantan,1952,5.75020°N 101.89997°E,5.75020,101.89997
鲁伯布裹,Lubok Bungor,日里,Jeli,吉兰丹,Kelantan,1952,5.5636°N 101.88454°E,5.5636,101.88454
芝柏,Chepa,哥打巴鲁,Kota Bahru,吉兰丹,Kelantan,1952,6.09927°N 102.29492°E,6.09927,102.29492
直落甘地,Telok Kandis,哥打巴鲁,Kota Bahru,吉兰丹,Kelantan,1952,6.04738°N 102.21156°E,6.04738,102.21156
赤脚,Tokong,哥打巴鲁,Kota Bahru,吉兰丹,Kelantan,1952,5.95008°N 102.20897°E,5.95008,102.20897
唐人坡,Kampung Cina,哥打巴鲁,Kota Bahru,吉兰丹,Kelantan,,6.14187°N 102.23515°E,6.14187,102.23515
暹村,Pauh Lima,哥打巴鲁,Kota Bahru,吉兰丹,Kelantan,,6.01089°N 102.32734°E,6.01089,102.32734
奥都理,Aur Duri,哥打巴鲁,Kota Bahru,吉兰丹,Kelantan,,6.02665°N 102.15811°E,6.02665,102.15811
失令 ,Sering ,哥打巴鲁,Kota Bahru,吉兰丹,Kelantan,,6.13999°N 102.32707°E,6.13999,102.32707
达旺,Dabong,瓜拉吉赖,Kuala Krai,吉兰丹,Kelantan,1952,5.37686°N 102.00877°E	,5.37686,102.00877
古吉,Guchil,瓜拉吉赖,Kuala Krai,吉兰丹,Kelantan,1952,5.54949°N 102.19857°E,5.54949,102.19857
卡浪安,Karangan,瓜拉吉赖,Kuala Krai,吉兰丹,Kelantan,1952,5.31365°N 102.25681°E,5.31365,102.25681
格姆布,Kemubu,瓜拉吉赖,Kuala Krai,吉兰丹,Kelantan,1952,5.29898°N 102.01722°E,5.29898,102.01722
瓜拉格里斯,Kuala Gris,瓜拉吉赖,Kuala Krai,吉兰丹,Kelantan,1952,5.38922°N 102.06144°E,5.38922,102.06144
拉罗,Laloh,瓜拉吉赖,Kuala Krai,吉兰丹,Kelantan,1951,5.30793°N 102.27231°E,5.30793,102.27231
玛力勿莱 ,Manek Urai,瓜拉吉赖,Kuala Krai,吉兰丹,Kelantan,1950,5.39031°N 102.23489°E,5.39031,102.23489
曼佐,Manjor,瓜拉吉赖,Kuala Krai,吉兰丹,Kelantan,1952,5.33123°N 102.25241°E,5.33123,102.25241
柏希,Pahi,瓜拉吉赖,Kuala Krai,吉兰丹,Kelantan,1951,5.47157°N 102.22187°E,5.47157,102.22187
本伯里安,Pahi,瓜拉吉赖,Kuala Krai,吉兰丹,Kelantan,1950,5.33531°N 102.24873°E,5.33531,102.24873
德勒贡,Telekong,瓜拉吉赖,Kuala Krai,吉兰丹,Kelantan,1950,5.65841°N 102.21233°E,5.65841,102.21233
峇都钟,Batu Jong,瓜拉吉赖,Kuala Krai,吉兰丹,Kelantan,,5.5889°N 102.18082°E,5.5889,102.18082
哥利沙,Kelisar,丹娜美拉,Tanah Merah,吉兰丹,Kelantan,1955,5.7831°N 101.9883°E,5.7831,101.9883
日拉督,Jelatok,丹娜美拉,Tanah Merah,吉兰丹,Kelantan,,5.83353°N 102.15543°E,5.83353,102.15543
巴西巴宜,Jelatok,丹娜美拉,Tanah Merah,吉兰丹,Kelantan,,5.7727°N 102.14195°E,5.7727,102.14195
浮罗拉亚,Pulau Raya,丹娜美拉,Tanah Merah,吉兰丹,Kelantan,,5.84048°N 102.17178°E	,5.84048,102.17178
峇莱,Balai,万捷 ,Jajahan Bachok,吉兰丹,Kelantan,,6.10889°N 102.37103°E,6.10889,102.37103
日拉瓦,Jelawat,万捷 ,Jajahan Bachok,吉兰丹,Kelantan,,6.01184°N 102.37541°E,6.01184,102.37541
加沙,Kasar,巴西马,Jajahan Pasir Mas,吉兰丹,Kelantan,,6.04589°N 102.17081°E	,6.04589,102.17081
巴西巴力,Pasir Parit,巴西马,Jajahan Pasir Mas,吉兰丹,Kelantan,,5.91927°N 102.1887°E,5.91927,102.1887
登龙,Tendong,巴西马,Jajahan Pasir Mas,吉兰丹,Kelantan,,6.06945°N 102.20673°E,6.06945,102.20673
西里基,Seligi,巴西富,Jajahan Pasir Puteh,吉兰丹,Kelantan,,5.84791°N 102.31928°E	,5.84791,102.31928
西里新,Selising ,巴西富,Jajahan Pasir Puteh,吉兰丹,Kelantan,,5.89512°N 102.33293°E,5.89512,102.33293
实姆乐,Semerak,巴西富,Jajahan Pasir Puteh,吉兰丹,Kelantan,,5.86947°N 102.50553°E,5.86947,102.50553
督祖巴,Kampung Cina Chekok Tok Cuba,马漳,Jajahan Machang,吉兰丹,Kelantan,,5.86544°N 102.20117°E,5.86544,102.20117
甘榜佐,Kampung Joh,马漳,Jajahan Machang,吉兰丹,Kelantan,,5.83888°N 102.1793°E,5.83888,102.1793
玛达爱,Mata Air,马漳,Jajahan Machang,吉兰丹,Kelantan,,5.87323°N 102.18394°E,5.87323,102.18394
东马岸,Temangan,马漳,Jajahan Machang,吉兰丹,Kelantan,,5.70258°N 102.1508°E,5.70258,102.1508
哥斯拉雅,Kok Seraya,道北,Tumpat,吉兰丹,Kelantan,,6.16059°N 102.16324°E,6.16059,102.16324
古林,Kulim,道北,Tumpat,吉兰丹,Kelantan,,6.11158°N 102.19142°E,6.11158,102.19142
增江,Jinjang,吉隆坡,Kuala Lumpur,直辖区,Wilayah Persekutuan (Federal Territories),1950,3.1885°N 101.7180°E,3.1885,101.7180
沙叻秀,Salak Selatan,吉隆坡,Kuala Lumpur,直辖区,Wilayah Persekutuan (Federal Territories),1950,3.2086°N 101.6617°E,3.2086,101.6617
