庙宇（名）,庙宇（英文）,地址,马来西亚华文铭刻萃编-傅吾康,马来西亚华团总名册,一庙一路网站,《走进巴生庙宇》,NUS,马校 RA,马来西亚神庙文化（已不存在）,福建会馆出版物,州
（安邦）大圣堂,Ampang Thai Sin Thong,"2A, Jalan 16, Kampung Baru Ampang, 68000 Ampang, Selangor",,,7,,,,,,雪兰莪
（安邦）南天宫九皇爷,Ampang Nan Tian Gong Kau Ong Yah Temple,"Jalan Merdeka (Kampung Baru Ampang), 68000 Ampang, Selangor.",,,7,,,,,,雪兰莪
（八打灵）nalanda佛教会,Nalanda,,,,,,,1，2，10,,,雪兰莪
（八打灵）法缘圣寺,,,,,,,,1，2，10,,,雪兰莪
（八打灵）佛爺庙,,,,,,,,1，2，10,,,雪兰莪
（八打灵）福德正神,Fu De Zheng Shen,,,,1，2，10,,,,,,雪兰莪
（八打灵）观音佛母,,,,,,,,1，2，10,,,雪兰莪
（八打灵）观音庙,Kuan Yin Temple,,,,1，2，10,,,,,,雪兰莪
（八打灵）金佛精舍,,,,,,,,1，2，10,,,雪兰莪
（八打灵）金英庙,Kam Ying Temple,"31, Jalan SS 9A/15, Sungai Way, 47300 Petaling Jaya, Selangor",,,1，2，10,,,,,,雪兰莪
（八打灵）灵应殿九皇大帝,Leng Eng Tian,,,,1，2，7，10,,,,,,雪兰莪
（八打灵）盤古祖廟,Panku Ahkung Temple,,,,,,,1，2，10,,,雪兰莪
（八打灵）阮梁圣佛宫,Yuen Leong Sing Fatt Temple,"149, PJU 1/34, Kampung Cempaka, 47301 Petaling Jaya, Selangor.",,,1，2，7，10,,,,,,雪兰莪
（八打灵）圣灵宫,Seng Leng Kong,,,,1，2，10,,,,,,雪兰莪
（八打灵）谭公廟,,,,,,,,1，2，10,,,雪兰莪
（八打灵）桃园圣宫,Tho Guan Sen Temple,"289, Jalan SS 9A/2, Sungai Way, 47300 Petaling Jaya, Selangor.",,,1，2，7，10,,,,,,雪兰莪
（八打灵）天公亭,,,,,,,,1，2，10,,,雪兰莪
（八打灵）威灵宫,Wee Leng Keng,"MP 51， No. 97E, Kampung Matang Pagar, 47000 Sungai Buloh, Selangor.",,,1，2，7，10,,,,,,雪兰莪
（八打灵）玄天上帝宫,Hean Tian Siong Teh Kiong,"S130, Kampung Cempaka, 47300 Petaling Jaya, Selangor.",,,1，2，7，10,,,,,,雪兰莪
（八打靈縣）道济宫,Dao Ji Gong,,,,",1，2，10",,,,,,雪兰莪
（八打靈縣）斗母宫,Tow Boo Keong,"174, Jalan 17/47, Seksyen 17, 46400 Petaling Jaya, Selangor",,,1，2，7，10,,,,,,雪兰莪
（八打靈縣）法炬山法藏寺,,,,,,,,2，10,,,雪兰莪
（八打靈縣）凤仙寺,Feng Xian Si,,,,1，2，10,,,,,,雪兰莪
（八打靈縣）佛光文教中心,,,,,,,,1，2，10,,,雪兰莪
（八打靈縣）观音殿,Kuan Yin Tien,,,,",1，2，10",,,,,,雪兰莪
（八打靈縣）观音亭,,,,,,,,1，2，10,,,雪兰莪
（八打靈縣）华光庙,Hua Guang Temple,,,,",1，2，10",,,,,,雪兰莪
（八打靈縣）九天庭,,,,,,,,2，10,,,雪兰莪
（八打靈縣）开封府龙图宫,Leng Toh Temple,"3, Jalan 1/8, 46000 Petaling Jaya, Selangor",,,",1，2，7，10",,,,,,雪兰莪
（八打靈縣）蒲种英达花园拿督公庙,,,,,,,,2，10,,,雪兰莪
（八打靈縣）阮梁圣公佛,Petaling Jaya Yeong Leong Beow,"122, Jalan 17A/1, Seksyen 17, 46400 Petaling Jaya, Selangor",,,1，2，7，10,,,,,,雪兰莪
（八打靈縣）山云宫,Sun Hoon Keong,"47, Jalan 1/2, 46000 Petaling Jaya, Selangor",,,1，2，7，10,,,,,,雪兰莪
（八打靈縣）首邦再也佛教會,,,,,,,,1，2，10,,,雪兰莪
（八打靈縣）五雷仙师坛,Wu Lei Xian Shi Temple,"16, Jalan 1/6, 46000 Petaling Jaya, Selangor",,,",1，2，7，10",,,,,,雪兰莪
（八打靈縣）西圣庙,,,,,1，2，10,,,,,,雪兰莪
（八打靈縣）玉皇庙,Yu Huang Temple,"40, Jalan Railway 1/2, Seksyen 1, 46000 Petaling Jaya, Selangor",,,1，2，10,,,,,,雪兰莪
（巴生）白鹤仙法师公古庙,Pek Hoh Siang Huat Sze Kong,"122A, Bagan Teochew, Pulau Ketam, Selangor.",,,1，2，10,,,,,,雪兰莪
（巴生）白虎宫,Bai Hu Gong,"Sungai Seberang, Pulau Ketam, Port Klang, Selangor.",,,1，2，10,,,,,,雪兰莪
（巴生）班达马兰东南宫,Tong Lam Gong,"H 259, Jalan Bakar Arang, Pandamaran, Port Klang, Selangor.",,,1，2，10,11,,,,,雪兰莪
（巴生）班达马兰二区天和宫,Tian He Gong,"577, Jalan Lai, Pandamaran New Village, Klang, Selangor.",,,1，2，10,11,,,,,雪兰莪
（巴生）班达马兰观西宫,Kuan Seh Keong,"146, Jalan Chan Ah Chu, Pandamaran, Pelabuhan Klang, Selangor.",,,1，2，10,11,,,,,雪兰莪
（巴生）班达马兰后尾芭清林寺,Qing Lin Si,"Jalan Banting, Pandamaran, 42000 Pelabuhan Klang, Selangor",,,1，2，7，10,11,,,,,雪兰莪
（巴生）班达马兰梨山圣母宫,Lai Suan Siah Boh Temple,"565, Jalan Dengkil, Kampung Baru, Pandamaran, Pelabuhan Klang, Selangor.",,,1，2，10,11,,,,,雪兰莪
（巴生）班达马兰灵宝宫,Ling Bao Gong,"11652, Jalan Banting, Pandamaran, 42000 Pelabuhan Klang, Selangor",,,1，2，7，10,11,,,,,雪兰莪
（巴生）班达马兰善童坛,Sin Thong Tuah,"33, Lorong Mesra 1 off Jalan Kim Chuan, Kawasan 5, Taman Chi Liung Pandamaran, Pelabuhan Klang, Selangor. ",,,1，2，10,,,,,,雪兰莪
（巴生）班达马兰万津路妈祖庙,Mah Chor Temple,"Jalan Banting, Tokong Cina, Kunci Air, Pandamaran, 42000 Pelabuhan Klang, Selangor.",,,1，2，10,11,,,,,雪兰莪
（巴生）班达马兰咸水芭宝圣宫,Poh Seng Keng,"41, Jalan Bukit Arang, Pandamaran, Port Klang, Selangor.",,,1，2，10,11,,,,,雪兰莪
（巴生）班达马兰咸水芭莲安宫,Lian Ann Kong,"Leboh Raja Lumu, Kawasan 12, 42000 Port Klang, Selangor",,,1，2，7，10,11,,,,,雪兰莪
（巴生）班达马兰一区关顺宫,Guan Shun Gong,"Lot 8452, Jalan Sekinchan, 42000 Pelabuhan Klang, Selangor",,,1，2，7，10,11,,,,,雪兰莪
（巴生）班达马兰一区尾张公坛,Tiew Kong Tuah,"TBG1010, Jalan Papan, Pandamaran, 42000 Pelabuhan Klang, Selangor.",,,1，2，10,11,,,,,雪兰莪
（巴生）班达马兰玉皇庙,Giok Hong Temple,"11652, Jalan Pendamar, Kampung Baru, Pandamaran, 42000 Pelabuhan Klang, Selangor.",,,1，2，10,11,,,,,雪兰莪
（巴生）班达马兰再也二路尾关庆宫,Kwan Kheng Keng,"Jalan Sijangkang, Pandamaran Jaya, 42000 Port Klang, Selangor",,,1，2，7，10,,,,,,雪兰莪
（巴生）船头拿督公新宫,,"Jalan Harper, Klang, Selangor.",,,1，2，10,11,,,,,雪兰莪
（巴生）慈竹庙,,,,,1，2，10,11,,,,,雪兰莪
（巴生）达摩祖师庙,,"Jalan Tok Muda, Pulau Ketam, Selangor",,,,,,2，10,,,雪兰莪
（巴生）福德祠,,,,,1，2，10,,,,,,雪兰莪
（巴生）福进宫,Hock Chin Kong,"5310, Jalan Kopi, Pandamaran, 42000 Port Klang, Selangor",,,1，2，7，10,11,,,,,雪兰莪
（巴生）福龙宫,Hock Leng Keng,"Rumah Berhala Hock Leng Keng, Pulau Ketam, Selangor.",,,1，2，10,,,,,,雪兰莪
（巴生）港口班达马兰师公坛,,"201, Lorong Polis, Kawasan 12, 42000 Pelabuhan Klang, Selangor",,,2，10,,,,,,雪兰莪
（巴生）关庆宫,,"Jalan Sijangkang, Pandamaran Jaya, Port Klang, Selangor.",,,,11,,,,,雪兰莪
（巴生）观福宫,,,,,2，10,1，11,,,,,雪兰莪
（巴生）观合宫,,"Kawasan 12, 42000 Port Klang, Selangor",,,2，10,1，11,,,,,雪兰莪
（巴生）观灵宫,,"NO.11652, Jln Banting Pandamaran, Kawasan 12, 42000 Klang, Selangor",,,2，10,1，11,,,,,雪兰莪
（巴生）观南宫,Guan Nan Gong,"H316, Jalan Batu Arang, Pandamaran, 42000 Pelabuhan Klang, Selangor",,,1，2，7，10,11,,,,,雪兰莪
（巴生）观天宫,Kuan Tien Keng,"Jalan Kemanis, Kawasan Tiga, Pandamaran N/V, 42000 Port Klang, Selangor.",,,1，2，7，10,,,,,,雪兰莪
（巴生）广福宫,,"Jln Banting Pandamaran, Port Klang, Selangor",,,2，10,1，11,,,,,雪兰莪
（巴生）吉胆岛海上拿督公,,,,,,,,1，2，10,,,雪兰莪
（巴生）济仙洞关帝宫,Chee Sian Tong,"731, Jalan Timur, Pulau Ketam, Selangor.",,,1，2，10,,,,,,雪兰莪
（巴生）旌阳宫,,,,,,,,1，2，10,,,雪兰莪
（巴生）莲花清人寺,Buddha Lotus,"1488, Jalan Mesra, Pandamaran, 42000 Port Klang, Selangor",,,1，2，7，10,11,,,,,雪兰莪
（巴生）联福庙、联福宫,Lian Fu Miao,"Jalan Banting Pandamaran, 42000 Port Klang, Selangor",,,1，2，7，10,,,,,,雪兰莪
（巴生）拿督公庙,,,,,,11,,1，2，10,,,雪兰莪
（巴生）拿督娘娘宫,Dato Neo-Neo Temple,"390, Sungai Dalam, Pulau Ketam, Selangor.",,,1，2，10,,,,,,雪兰莪
（巴生）南海观音亭,Nan Hai Guan Yin Ting,"Bagan Teochew, Pulau Ketam, Selangor.",,,1，2，7，10,,,,,,雪兰莪
（巴生）南天宫,Nan Thian Keng,"C/O 661, Jalan Tokong, Pulau Ketam, Selangor.",,,1，2，10,,,,,,雪兰莪
（巴生）菩提林、普提林,,,,,1，2，10,11,,,,,雪兰莪
（巴生）顺天宫,,,,,1，2，10,11,,,,,雪兰莪
（巴生）泗灵宫,See Leng Keng,"317, Lorong Amarasegara, Pandamaran, 42000 Pelabuhan Klang, Selangor",,,1，2，10,11,,,,,雪兰莪
（巴生）孙福宫,Sam Tai Chu Temple ,"Jalan Cengal, Kawasan 12, 42000 Pelabuhan Klang, Selangor",,,1，2，10,11,,,,,雪兰莪
（巴生）太上老君仙法师公古庙,Xian Fa Shi Gong,"290, Sungai Seberang, Pulau Ketam, 42940 Port Klang, Selangor.",,,1，2，10,,,,,,雪兰莪
（巴生）天宝宫,,,,,1，2，10,11,,,,,雪兰莪
（巴生）天恩道堂（真空教）,,"51A, Jalan Raya Timur, Kawasan 1, 41000 Klang, Selangor",,,1，2，10,11,,,,,雪兰莪
（巴生）天法宫,,,,,1，2，10,11,,,,,雪兰莪
（巴生）天后庙,,,,,1，2，10,,,,,,雪兰莪
（巴生）靔宝宫,,"Jalan Sijangkang, Pandamaran Jaya, 42000 Port Klang, Selangor",,,2，7，10,1,,,,,雪兰莪
（巴生）靔寿宫,Thian Siew Keng,"Jalan Sijangkang, Pandamaran Jaya, 42000 Port Klang, Selangor.",,,1，2，10,,,,,,雪兰莪
（巴生）万寿宫,,,,,1，2，10,11,,,,,雪兰莪
（巴生）五条港拿督公,,,,,,,,1，2，10,,,雪兰莪
（巴生）五条港三魂公,,,,,,,,1，2，10,,,雪兰莪
（巴生）协天宫,Hiap Tian Kiong,"Lot H811A, Pulau Ketam, Port Klang, Selangor.",,,1，2，10,,,,,,雪兰莪
（巴生）阴应宫,Yin Ying Kong,"Lot H-150, Sungai Dalam, Pulau Ketam, Selangor.",,,1，2，10,,,,,,雪兰莪
（巴生）源順興綾厝,,,,,,,,1，2，10,,,雪兰莪
（巴生）昭应祠,Chow Eng Chee,"Jalan Bagan Hailam, Kawasan Perindustrian Selat Klang Utara, 42000 Pelabuhan Klang, Selangor",,,,,,1，2，10,,,雪兰莪
（巴生）昭应庙天后宫,Chiau Eng Bio Thiam Houh Kong,"29K, Main Street, 42940 Pulau Ketam, Selangor.",,,1，2，10,,,,,,雪兰莪
（巴生县）吧生莲花清人寺佛祖慈善院,Klang Buddha Lotus Ci Shan Yuan,"91, Lot No. 7884, Jalan Kemanis, Pandamaran, 42000 Port Klang, Selangor",,,7,,,,,,雪兰莪
（巴生县）保安庙,,,,,,11,,,,,雪兰莪
（巴生县）法灵宫,,"No.17, Jalan Aur Kawasan 4, Taman Aur, 42000 Port Klang",,,,11,,,,,雪兰莪
（巴生县）法门寺,,"22, Jalan Jasmin 3, Bandar Botanik, 41200 Klang, Selangor",,,,11,,,,,雪兰莪
（巴生县）福成宫,,"Pelabuhan Selatan, 42000 Port Klang, Selangor",,,,11,,,,,雪兰莪
（巴生县）福德正神宫,,"Jalan Sungai Putus, Kampung Batu Belah, 41050 Klang, Selangor",,,,11,,,,,雪兰莪
（巴生县）福龙坛,,,,,,11,,,,,雪兰莪
（巴生县）福全堂,,,,,,11,,,,,雪兰莪
（巴生县）观宝宫,,"1903，jalan young , Pandamaran,42000 pelabuhan klang 42000 Port Klang, Selangor",,,,11,,,,,雪兰莪
（巴生县）观世庙,,"Jalan Young, Kampung Sijangkang, 42000 Pelabuhan Klang, Selangor",,,,11,,,,,雪兰莪
（巴生县）观水宫,,,,,,11,,,,,雪兰莪
（巴生县）合莲坛,,"Car Park space under High Pressure Cable, Taman Eng Ann, 41050 Klang, Selangor",,,,11,,,,,雪兰莪
（巴生县）和顺宫,,,,,,11,,,,,雪兰莪
（巴生县）吉胆过港区協天宫,Pulau Ketam Hiap Tian Kiong,"Lot H811A, Pulau Ketam, 42940 Port Klang, Selangor.",,,7,,,,,,雪兰莪
（巴生县）济青堂,,,,,,11,,,,,雪兰莪
（巴生县）金兰堂,,,,,,11,,,,,雪兰莪
（巴生县）金玉坛,,,,,,11,,,,,雪兰莪
（巴生县）景云宫,,,,,,11,,,,,雪兰莪
（巴生县）雷关宫,,,,,,11,,,,,雪兰莪
（巴生县）雷天宫,,,,,,11,,,,,雪兰莪
（巴生县）莲花宫,,"26, Jalan Bendahara 38, Taman Sri Indah, 41200 Klang, Selangor",,,,11,,,,,雪兰莪
（巴生县）莲忠宫,,"No. 28, Jalan Bungor, Kawasan 13, 42000 Pelabuhan Klang, Selangor",,,,11,,,,,雪兰莪
（巴生县）龙安庙,,,,,,11,,,,,雪兰莪
（巴生县）龙云宫,,,,,,11,,,,,雪兰莪
（巴生县）拿督庙,,,,,,11,,,,,雪兰莪
（巴生县）南发坛,,,,,,11,,,,,雪兰莪
（巴生县）南天门孫福宮,,"Jalan Cengal, Kawasan 12, 42000 Pelabuhan Klang, Selangor",,,,11,,,,,雪兰莪
（巴生县）普光兰若,,"20, Lorong Kulur, Kampung Raja Uda, 42000 Pelabuhan Klang, Selangor",,,,11,,,,,雪兰莪
（巴生县）普佗寺,,,,,,11,,,,,雪兰莪
（巴生县）齐天间,,,,,,11,,,,,雪兰莪
（巴生县）五粒窑,,,,,,11,,,,,雪兰莪
（巴生县）三和宫,,,,,,11,,,,,雪兰莪
（巴生县）三山宫,,,,,,11,,,,,雪兰莪
（巴生县）三忠王宫,,,,,,11,,,,,雪兰莪
（巴生县）善宝宫,,,,,,11,,,,,雪兰莪
（巴生县）善才坛,,,,,,11,,,,,雪兰莪
（巴生县）圣母宫,,,,,,11,,,,,雪兰莪
（巴生县）师公坛,,"201, Lorong Polis, Kawasan 12, 42000 Pelabuhan Klang, Selangor",,,,11,,,,,雪兰莪
（巴生县）太子殿,,,,,,11,,,,,雪兰莪
（巴生县）天赐宫,,"Jl. Hort, Kampung Raja Uda, 42000 Pelabuhan Klang, Selangor",,,,11,,,,,雪兰莪
（巴生县）靝宝宫/莲花靝宝宫,,,,,,11,,,,,雪兰莪
（巴生县）靝寿宫,,"Jalan Sijangkang, Pandamaran Jaya, Port Klang, Selangor.",,,,11,,,,,雪兰莪
（巴生县）张发坛,,,,,,11,,,,,雪兰莪
（巴生县）珠兴祠,Persatuan Pengurusan Tokong Dewa Choo Hin Sze Pelabuhan Klang Selangor,"21, Jalan Melaka, Kawasan 13, 42000 Pelabuhan Klang, Selangor",,,,11,,,,,雪兰莪
（巴生县）紫云福德祠,Sze Hoon Hock Teck Qi,"TBG 961, Jalan Emas 41000 Klang, Selangor, Malaysia",,,,11,,,,,雪兰莪
（巴生縣）八宝宫,Put Poh King,"39, Jalan Jelutong KU8, Pekan Meru Satu, Klang, Selangor.",,,2，10,,,,,,雪兰莪
（巴生縣）巴生港口清凉亭,Qin Liang Temple,"Kampung Kastam, 42000 Port Klang, Selangor",8，9,,7,11,,,,,雪兰莪
（巴生縣）巴生港口天福宫,Tian Hock Kung,"Lot 3115 & 3116, Jalan Siakap, Jln Tepi Sungai, Taman Teluk Pulai, 41100 Klang, Selangor",8，9,,2，7，10,,,,,,雪兰莪
（巴生縣）巴生港口天缘道堂（真空教）,Tiam Yam Toh Teng,"No.24,Jalan Cox, Di-Jalan Solok Baru, 41400 Klang, Selangor Darul Ehsan.",,,1，2，10,11,,,,,雪兰莪
（巴生縣）巴生加埔路二支協天宫,Klang Siah Tian Kong,"Lot 208, B-13, Batu Belah, 41050 Klang, Selangor.",,,7,,,,,,雪兰莪
（巴生縣）巴生加埔路九支天灵宫,Klang Tian Leng Gong,"Lot 344, Jalan Kapar, Batu 9 1/4, Kampung Perepat, 42200 Kapar, Selangor.",,,7,,,,,,雪兰莪
（巴生縣）巴生加埔十一支兴化府,Klang Heng Hua Foo,"N0 32, Lorong Kiyai Sujak 20D, Taman Sri Wangi, 42200 Kapar, Selangor.",,,7,,,,,,雪兰莪
（巴生縣）巴生峇都勿拉南阳宫,Nan Yoong Keong Klang,"15, Lot 219, Kampung Batu Belah, 41050 Klang, Selangor.",,,7,,,,,,雪兰莪
（巴生縣）白音宫,Bai Yin Gong,"35, Lorong Batu Nilam 6D, Bandar Bukit Tinggi, 42100 Klang, Selangor.",,,7，2，10,,,,,,雪兰莪
（巴生縣）北辰宫,Bei Chen Gong,,,,2，10,,,,,,雪兰莪
（巴生縣）船头哪督,Chuan Tou Dato,"Jalan Harper, 41400 Klang, Selangor",,,2，10,,,,,,雪兰莪
（巴生縣）大德壇,,,,,7,11,,2，10,,,雪兰莪
（巴生縣）二支南山洞威灵宫,Nan Shan Dong Wei Ling Gong,"37, Lorong Mersing, Jalan Kapar, 41400 Klang, Selangor",,,2，7，10,,,,,,雪兰莪
（巴生縣）凤山寺,Hong Sun Si,"Lot 35544, Lorong Sentosa 3, Taman Chi Liung, Pandamaran, 42000 Pelabuhan Klang, Selangor",9,,7，2，10,,,,,,雪兰莪
（巴生縣）佛喃码万灵宫、万灵宫,Wan Ling Keng,"Lot 295 Jalan Kem, 42000 Pelabuhan Klang, Selangor",,,2，7，10,11,,,,,雪兰莪
（巴生縣）福德坛,Fu De Tan,"Lot 11094, Batu 3 1/2, (Kedai 3) Kampung Jawa, 41000 Klang, Selangor.",,,7，2，10,,,,,,雪兰莪
（巴生縣）福天宫,Hock Tian Keng,,,,2，10,,,,,,雪兰莪
（巴生縣）甘榜爪哇九天庭,Kiew Tian Teng,,,,2，10,,,,,,雪兰莪
（巴生縣）甘榜爪哇云峰坛,Yun Feng Tan,,,,2，10,,,,,,雪兰莪
（巴生縣）高阳苑中南庙,Zhong Nan Miao,"7, Lorong Dato Yusof Shahbudin 45A, Taman Mewah Jaya, 41200 Klang, Selangor.",,,7，2，10,,,,,,雪兰莪
（巴生縣）汉寿亭侯关帝庙,Hon Sao Teng Hau Guan Di Temple,"21, Jalan 41, Kawasan 17, Off Jalan Meru, 41050 Klang, Selangor.",,,7，2，10,,,,,,雪兰莪
（巴生縣）河边路北極玄武殿,Bei Ji Xuan Wu Dian,,,,2，10,,,,,,雪兰莪
（巴生縣）河边路石山哪督爷公,Shi Shan Dato Temple,"32A, Lintang Sungai 4 Off Jalan Tepi Sungai, 41100 Klang, Selangor",,,2，7，10,,,,,,雪兰莪
（巴生縣）河边路靔灵宫,Tian Leng Keng,"54A, Lorong Sungai 10 off Tepi Sungai, 41100 Klang, Selangor",,,2，7，10,,,,,,雪兰莪
（巴生縣）河边路同心宫,Tong Xin Keng,"54A, Lorong Sungai 10 off Tepi Sungai, 41100 Klang, Selangor",,,2，7，10,,,,,,雪兰莪
（巴生縣）河天宫,Hoh Thian Kiong,"Lot 3281, Batu 5 1/2, Jalan Kapar, 42100 Klang, Selangor.",,,7，2，10,,,,,,雪兰莪
（巴生縣）横路茅山宫,Mau San Gong,,,,2，10,,,,,,雪兰莪
（巴生縣）加埔路八支聚宝堂,Chi Poh Tong,"262, Batu 8, Jalan Keratapi Lama, 42200 Kapar, Selangor",,,2，7，10,,,,,,雪兰莪
（巴生縣）加埔路二支半大伯公坛,Da Bo Gong Tang,"14, Jalan Labis 105, Kawasan 19, Off Jalan Kapar, Batu 2 1/2, 41400 Klang, Selangor.",,,7，2，10,,,,,,雪兰莪
（巴生縣）加埔路二支凤山寺,Feng Shan Si,,,,2，10,,,,,,雪兰莪
（巴生縣）加埔路六哩张福宫,Klang Tew Hock Kiong,,,,2，10,,,,,,雪兰莪
（巴生縣）加埔路十二支三福宫,Sam Hock Temple,"60, Batu 12, Jalan Kapar, 42200 Kapar, Selangor.",,,2，7，10,,,,,,雪兰莪
（巴生縣）加埔路十四支天顺宫,Thian Soon Keng,"Batu 14, Jalan Kapar, 42200 Kapar, Klang, Selangor",,,2，7，10,,,,,,雪兰莪
（巴生縣）加埔路十支茅山法祖,Maoshan Fazo Temple,"282, Batu 10, Jalan Keratapi Lama, 42200 Kapar, Selangor",,,2，7，10,,,,,,雪兰莪
（巴生縣）加埔路一支川童宫,Chung Tong Keng,"Batu 1 1/4, Jalan Kapar, 41400 Klang, Selangor.",,,7，2，10,,,,,,雪兰莪
（巴生縣）戩帅宫,Chin Swee Keng,,,,2，10,,,,,,雪兰莪
（巴生縣）进天宫,Jin Tian Gong,,,,2，10,,,,,,雪兰莪
（巴生縣）九支天灵宫,Tian Leng Gong,,,,2，10,,,,,,雪兰莪
（巴生縣）崑崙坛,Kun Lun Than,"95, Jalan Sungai Nibong 4, Rantau Panjang, 41200 Klang, Selangor.",,,7，2，10,,,,,,雪兰莪
（巴生縣）莲亭寺,Lean Teng Sze,"75, Lintang Sungai Keramat 7E, Taman Klang Utama, 41150 Selangor.",,,7，2，10,,,,,,雪兰莪
（巴生縣）良木宫,Liang Mu Kong,"Jalan Selampit 21, Kawasan 3, Taman Klang Jaya, 41200 Klang, Selangor",,,7，2，10,,,,,,雪兰莪
（巴生縣）龙和宫,Long He Kong,"52, Jalan Kelicap 41, Kawasan 17, Jalan Meru, 41050 Klang, Selangor.",,,7，2，10,,,,,,雪兰莪
（巴生縣）龙礼寺,Long Lye Sye,"Jalan Batu Tiga, Kawasan 15, 41300 Klang, Selangor",,,2，7，10,,,,,,雪兰莪
（巴生縣）马基督哪卓公,Makitoh Temple,"Jalan Harper, 41400 Klang, Selangor",,,2，7，10,,,,,,雪兰莪
（巴生縣）木吒宫李府二太子,Li Fu Erh Tau Tze,"12, Lintang Muda, Off Jalan Meru, 41050 Klang, Selangor.",,,7，2，10,,,,,,雪兰莪
（巴生縣）南山宫,Lam Suah Keng,"Lot 27, Jalan 57, Off Jalan Bukit Kerayong, Pandamaran, 42000 Port Klang, Selangor",,,2，7，10,,,,,,雪兰莪
（巴生縣）南阳宫,Nan Yoong Keong,,,,2，10,,,,,,雪兰莪
（巴生縣）七星佛光真君坛、七星佛光坛,Qi Xing Fo Guang Zhen Jun Tan,"91, Jalan Dato Dagang 10, Taman Sentosa, 42000 Klang, Selangor",,,2，7，10,11,,,,,雪兰莪
（巴生縣）七玉殿,Klang Qi Yu Dian,"4, Jalan Cox, 41300 Klang, Selangor.",,,1，2，7，10,,,,,,雪兰莪
（巴生縣）齐天门,Che Tian Men,,,,2，10,,,,,,雪兰莪
（巴生縣）青龙宫,Ching Long Kong,,,,2，10,,,,,,雪兰莪
（巴生縣）青云洞,Ching Yun Tong,,,,2，10,,,,,,雪兰莪
（巴生縣）圣福宫,Sheng Hock Gong,,9,,7，2，10,,,,,,雪兰莪
（巴生縣）圣淘沙北主宫,Bei Chu Gong,"1, Jalan Yusof Shahbudin 7, Taman Sentosa, 41200 Klang, Selangor",,,2，7，10,,,,,,雪兰莪
（巴生縣）圣淘沙东岳坛,Dong Yue Than,"33, Lorongg 20A, Taman Sentosa, 41200 Klang, Selangor",,,2，7，10,,,,,,雪兰莪
（巴生縣）圣淘沙福德宫,Fu De Gong,"6, Lorong Dato Dagang 35C, Taman Sri Sentosa, 41200 Klang, Selangor",,,2，7，10,,,,,,雪兰莪
（巴生縣）圣淘沙美华花园寿龟庙,Sou Gui Miao Temple,"Jalan Bendahara 56 Taman Sejati 5, 41200 Klang, Selangor.",,,7，2，10,,,,,,雪兰莪
（巴生縣）圣淘沙哪督宫,Na Tok Keng,"28, Lorong 20B, Taman Mujur Sentosa Klang, Selangor",,,2，7，10,,,,,,雪兰莪
（巴生縣）圣淘沙石壶宫,Cheok Wu Kong,"Lot 10433, Taman Sentosa, 41200 Klang, Selangor.",,,7，2，10,,,,,,雪兰莪
（巴生縣）圣淘沙石头宫,Chiok Tao Keng,"176，1st Floor, Jalan Yusof Shahbudin 1, Taman Sentosa, Klang 41200, Selangor",,,2，7，10,,,,,,雪兰莪
（巴生縣）十五支天后宫,Kapar Tian Hor Kong,"Jalan Bagan Sungai Janggut, 42200 Kapar, Selangor.",,,2，7，10,,,,,,雪兰莪
（巴生縣）十一支兴化府,Heng Hua Foo,,,,2，10,,,,,,雪兰莪
（巴生縣）双溪槟榔二支半马山灵宫,Ma San Ling Gong,"548, Lot 3101, Batu 2 1/2, Sungai Pinang, Jalan Kapar, 41400 Klang, Selangor.",,,7，2，10,,,,,,雪兰莪
（巴生縣）太和宫,Thai Hoe Kheng,,,,2，10,,,,,,雪兰莪
（巴生縣）太明宫,Tai Ming Gong,"Jalan Harper, 41400 Klang, Selangor",,,2，7，10,,,,,,雪兰莪
（巴生縣）天圣宫,Klang Tian Shen Keng,"118, Jalan Tempinis, Off Jalan Meru, 41050 Klang, Selangor.",,,1，2，7，10,,,,,,雪兰莪
（巴生縣）天云宫,Tian Hoon Kong,"48, Jalan Kelicap 41, Off Jalan Meru 41050 Klang, Selangor.",,,7，2，10,,,,,,雪兰莪
（巴生縣）五条路观音亭,Kwan Imm Temple,"30, Jalan Raya Barat, 41000 Klang, Selangor.",8，9,,7，2，10,,,,,,雪兰莪
（巴生縣）五条路开封府,Kai Hong Hoo,"32, Jalan Raya Barat, 41100 Klang, Selangor.",,,7，2，10,,,,,,雪兰莪
（巴生縣）伍德宫,Klang Ngoh Teck Keong,"20-A, Jalan Bukit Kuda, Bukit Kuda, 41300 Klang, Selangor.",,,2，7，10,11,,,,,雪兰莪
（巴生縣）协天宫,Siah Tian Kong,,,,2，10,,,,,,雪兰莪
（巴生縣）许大宫,Khor Tat Kong,"3, Jalan Cox, 41300 Klang, Selangor",,,2，7，10,,,,,,雪兰莪
（巴生縣）沿海宫,Yan Hai Gong,"Jalan Batu Tiga, Kawasan 15, 41300 Klang, Selangor",,,2，7，10,,,,,,雪兰莪
（巴生縣）椰脚联合庙,Lian He Temple,"Lot 385, Jalan Nanas, Kawasan 18, 41400 Klang, Selangor.",,,7，2，10,,,,,,雪兰莪
（巴生縣）椰脚紫云亭,Chee Hong Teng,"24 Jalan Tapah, Jalan Goh Hock Huat, 41400 Klang, Selangor.",,,7，2，10,,,,,,雪兰莪
（巴生縣）永安园电線路顺福宫,Klang Soon Hock Kong,,,,2，10,,,,,,雪兰莪
（巴生縣）永安镇二副天福宫,Tian Hock Gong,"Jalan Bayan, Taman Eng Ann, 41150 Klang, Selangor.",8，9,,7，2，10,,,,,,雪兰莪
（巴生縣）永安镇通圣洞,Tong Sheng Dong,"32, Jalan Terkokur, Taman Eng Ann, 41150 Klang, Selangor.",,,7，2，10,,,,,,雪兰莪
（巴生縣）园拿督保灵宫,Poh Leng Keng,"Jalan Prai 3, Off Jalan Meru, Taman Klang, 41050 Klang, Selangor.",,,7，2，10,,,,,,雪兰莪
（巴生縣）月天宫,Geok Thian Keong,巴生港口市区边缘之住宅区内，距离班达马兰新村不远,,,2，10,11,,,,,雪兰莪
（巴生縣）云天宫、加埔云天宫,Kapar Yun Tian Gong,"Lot 1706, Jalan Raja Abdul Rahman 9, Off Jalan Bukit Kapar, 42200 Kapar, Selangor.",,,2，7，10,,,,,,雪兰莪
（巴生縣）张天宫,Zhang Tian Gong,,,,2，10,,,,,,雪兰莪
（巴生縣）镇安宫,,,,,,,,,2，10,,雪兰莪
（巴生縣）镇海天后圣母宫,Zhen Hai Tian Hou Sheng Mu Temple,,,,2，10,,,,,,雪兰莪
（巴生縣）直落昂八仙庙,Teluk Gong Pa Sien Meow,"40, Jalan Besar, Teluk Gong, 42000 Pelabuhan Klang, Selangor",,,2，7，10,,,,,,雪兰莪
（巴生縣）直落昂城隍庙,Teluk Gong Cheng Huang Meow,"40, Jalan Besar, Teluk Gong, 42000 Pelabuhan Klang, Selangor",,,2，7，10,,,,,,雪兰莪
（巴生縣）直落昂慈德堂,Teluk Gong Ci De Tang,"40, Jalan Besar, Teluk Gong, 42000 Pelabuhan Klang, Selangor",,,2，7，10,,,,,,雪兰莪
（巴生縣）直落昂地灵宫,Teluk Gong Di Ling Gong,"PT 126749, Jalan Telok Gong 42000, Pelabuhan Klang, Selangor",,,1，7,,,,,,雪兰莪
（巴生縣）直落昂福灵宫,Teluk Gong Fu Ling Gong,"Lot 8953, Kampung Teluk Gong, 42000 Pelabuhan Klang, Selangor",,,2，7，10,,,,,,雪兰莪
（巴生縣）直落昂全顺宫,Teluk Gong Quan Shun Gong,"Lot 9189, Jalan Telok Gong, 42000 Pelabuhan Klang, Selangor",,,2，7，10,,,,,,雪兰莪
（巴生縣）直落昂西天宫,Teluk Gong Xi Tian Gong,"Lot 8897-A, Jalan Telok Gong, Kampung Telok Gong, 42000 Port Klang, Selangor",,,2，7，10,,,,,,雪兰莪
（巴生縣）直落玻璃东圣殿,Tong Shing Thien,,,,2，10,,,,,,雪兰莪
（巴生縣）直落玻璃凤山寺公会,Hong San Si,"Lot 412, Jalan Teluk Pulai, 41100 Klang, Selangor.",,,7，2，10,,,,,,雪兰莪
（巴生縣）直落玻璃河边路天福宫,Tian Hock Kung,"Lot 3115, Jalan Stakap, Jalan Tepi Sungai, Teluk Pulai, 41100 Klang, Selangor.",,,7，2，10,,,,,,雪兰莪
（巴生縣）直落玻璃顺灵宫,Soon Leng Keng,"No 22A, Lebuh Sembilang 1, Off Jalan Teluk Pulai, 41100 Klang, Selangor.",,,7，2，10,,,,,,雪兰莪
（巴生縣）直落玻璃阴府坛,Yin Hu Duan Temple,,,,2，10,,,,,,雪兰莪
（巴生縣）直落玻璃郑和三宝宫,Chen Her Sam Poh Temple,,,,2，10,,,,,,雪兰莪
（巴生縣）中路六哩威灵宫,Wei Ling Keng,"56, Jalan Cengal, Pekan Meru, 41050 Klang, Selangor.",,,7，2，10,11,,,,,雪兰莪
（巴生縣）中路一支巴生园拿督公庙,Na Du Gong,,,,2，10,,,,,,雪兰莪
（巴生縣）中路一支巴生园南天宫万寿坛,Klang Nan Tian Gong Ban Siew Tan,"101, Jalan Muda off Jalan Meru, 41050 Klang, Selangor.",,,2，7，10,,,,,,雪兰莪
（巴生縣）中路一支巴生园天福坛,Tien Hock Tua,,,,2，10,,,,,,雪兰莪
（巴生縣）中路一支巴生园岩法坛,Klang Yuen Fa Tham,"12, Lintang Muda off Jalan Meru, 41050 Klang, Selangor.",,,2，7，10,,,,,,雪兰莪
（巴生縣）中路一支吧生园华光宝殿,Klang Hwa Kong Bao Dian,"31, Jalan Kedah, Off Jalan Meru, 41050 Klang, Selangor.",,,2，7，10,,,,,,雪兰莪
（巴生縣）中路张圣宫,Tew Seng Keng,"17, Jalan Patani, Taman Meru Selatan, Klang, Selangor.",,,2，10,11,,,,,雪兰莪
（巴生縣）中路中川宫,Zhong Chuan Gong,"Lot 11852, Batu 1 1/2, Jalan Meru, 41050 Klang, Selangor.",,,7，2，10,,,,,,雪兰莪
（巴生縣）竹林观音庙,Choo Lian Kwan Yin Temple,"77, Off Jalan Terkukor, Taman Eng Ann, 41150 Klang, Selangor.",,,7，2，10,,,,,,雪兰莪
（巴生縣）紫林坛,Zi Lin Thang,"5, Lintang Sungai Keramat 7C, Taman Klang Utama, 42100 Rantau Panjang, Klang, Selangor.",,,7，2，10,,,,,,雪兰莪
（巴生縣）宗孔堂,Chong Kong Tong,"24, Jalan Kapar, 41400 Klang, Selangor.",8，9,,7，2，10,,,,,,雪兰莪
（鹅唛）Chinese Temple Lks 10,,,,,,,,1，2，10,,,雪兰莪
（鹅唛）慈航讲堂,,,,,,,,1，2，10,,,雪兰莪
（鹅唛）淡江关帝庙,,,,,,,,1，2，10,,,雪兰莪
（鹅唛）佛法仙坛,,,,,,,,1，2，10,,,雪兰莪
（鹅唛）福灵宫,,,,,,,,1，2，10,,,雪兰莪
（鹅唛）感应亭,Kam Yin Teng,,9,,1，2，7，10,,,,,,雪兰莪
（鹅唛）根登三殿大二伯爷府,,,,,,,,1，2，10,,,雪兰莪
（鹅唛）根登三山国王庙,San Shan Guo Wang Temple,,,,,,,1，2，10,,,雪兰莪
（鹅唛）广明亭,,,,,,,,2，10,,,雪兰莪
（鹅唛）桂南道堂,,,,,,,,1，2，10,,,雪兰莪
（鹅唛）甲洞福庆堂观音庙,,,,,,,,1，2，10,,,雪兰莪
（鹅唛）金英坛,Kim Ying Tan,,,,1，2，7，10,,,,,,雪兰莪
（鹅唛）聚山庙,,,,,,,,1，2，10,,,雪兰莪
（鹅唛）刘氏佛堂,,,,,,,,1，2，10,,,雪兰莪
（鹅唛）三山法主坛,,,,,,,,1，2，10,,,雪兰莪
（鹅唛）释迦殿,,,,,,,,1，2，10,,,雪兰莪
（鹅唛）万挠济公坛,,,,,,,,1，2，10,,,雪兰莪
（鹅唛）万挠玉兰寺（竹林阁）,Yulan ci (zhulin ge),,9,,,,,,,,雪兰莪
（鹅唛）興義殿,,,,,,,,1，2，10,,,雪兰莪
（鹅唛）玉皇宫（玉皇大帝庙）,,,,,,,,1，2，10,,,雪兰莪
（鵝嘜縣）大悲林,,,,,,,,2,,,雪兰莪
（鵝嘜縣）甲洞帝沙齊孫宮,,,,,,,,2,,,雪兰莪
（鵝嘜縣）金龙山万佛寺,Jing Loong Shan Wan Fo Shih,,,,,,,2,,,雪兰莪
（鵝嘜縣）娘娘庙,Liang Liang Temple,,,,,,,2,,,雪兰莪
（鵝嘜縣）三宝坛,,,,,,,,2,,,雪兰莪
（鵝嘜縣）三山国王庙,San Shan Guo Wang Temple,,,,10,,,2,,,雪兰莪
（鵝嘜縣）师爷宫,See Yeah Kong,,9,,10,,,2,,,雪兰莪
（鵝嘜縣）士拉央峇鲁忠义庙,Selayang Baru Tiong Yee Temple,"2 & 4, Jalan 1A, Kampung Selayang Baru, 68100 Batu Caves, Selangor",,,7,,,,,,雪兰莪
（鵝嘜縣）士拉央自在宫,Selayang Baru Chee Choy Kong,"36A, Jalan 30, Selayang Baru, 68100 Batu Caves, Selangor",,,7,,,,,,雪兰莪
（鵝嘜縣）天万仙宫,,,,,,,,2,,,雪兰莪
（鵝嘜縣）雪隆仙法师公古庙,Xian Fa Shi Gong Temple,,,,1，10,,,2,,,雪兰莪
（鵝嘜縣）忠义庙,Tiong Yee Temple,,,,10,,,2,,,雪兰莪
（鵝嘜縣）自在宫,Chee Choy Kong,,,,1，10,,,2,,,雪兰莪
（瓜拉冷岳）东禅寺,Fo Guang Shan Dong Zen Temple,"PT 2297, Jalan Sungai Buaya, 42600 Jenjarom, Kuala Langat, Selangor",,,1，7，10,,,2,,,雪兰莪
（瓜拉冷岳）莲花宫,,,,,1，10,,,2,,,雪兰莪
（瓜拉冷岳）联军庙,Banting Lian Jun Temple,"Lot 316, Jalan Sungai Nangka, 42700 Banting, Selangor",,,7,,,2,,,雪兰莪
（瓜拉冷岳）罗汉宫,,"18, Jalan Delima 22, Taman Delima, 42700 Banting, Selangor.",,,1，7，10,,,2,,,雪兰莪
（瓜拉冷岳）南海观音寺,Jenjarom Tian Fu Gong,"Jalan 23, Sungai Jarum, 42600 Jenjarom, Kuala Langat, Selangor",,,7,,,1，2,,,雪兰莪
（瓜拉冷岳）乾坤宫,,,,,,,,2,,,雪兰莪
（瓜拉冷岳）仁加隆万寿宫,,"Lot 5623, Jalan Sungai Buaya, Sungai Jarom, 42600 Jenjarom, Kuala Langat, Selangor",,,7,,,1,,,雪兰莪
（瓜拉冷岳）仁嘉隆华光大帝祖师庙,,,,,,,,2,,,雪兰莪
（瓜拉冷岳）仁嘉隆新村大地阴府坛,,,,,,1,,1，2,10,,雪兰莪
（瓜拉冷岳）三宝佛堂,,,,,,1,,2,10,,雪兰莪
（瓜拉冷岳）太保凤山寺,Banting Tai Poh Hong San Si,"Jalan Delima 9, Taman Delima, 42700 Banting, Selangor",,,7，10,,,2,,,雪兰莪
（瓜拉冷岳）天宝安,,,,,,1,,2,10,,雪兰莪
（瓜拉冷岳）天福宫,Tanjung Karang Thian Hock Temple,"128, Jalan Besar, 45500 Tanjung Karang, Selangor",,,7，2，10,,,2,,,雪兰莪
（瓜拉冷岳）铜锣庙,,,,,,,,2,,,雪兰莪
（瓜拉冷岳）万寿宫,,,,,1，10,,,2,,,雪兰莪
（瓜拉冷岳）雪兰莪仁嘉隆显威灵,Jenjarom Xian Wei Ling,"614, Jalan 23, Sungai Jarum, 42600 Jenjarom, Kuala Langat, Selangor",,,1，7，10,,,2,,,雪兰莪
（瓜拉冷岳）阴府坛,,,,,1，10,,,2,,,雪兰莪
（瓜拉冷岳）中元公会,,,,,1,,,1,,,雪兰莪
（瓜拉冷岳）忠义庙,Banting Chong Yi Temple,"Lot 343, Jalan Marmar 11, Taman Delima, 42700 Banting, Selangor",,,1，7，10,,,2,,,雪兰莪
（瓜拉冷岳縣）Siamese Temple,Siamese Temple,,,,,,,2,,,雪兰莪
（瓜拉冷岳縣）风火院,Fong Huo Yuan,,,,"1,10",,,2,,,雪兰莪
（瓜拉冷岳縣）福圣宫,Hock Seng Geng,"16, Jalan Cendana 36, Taman Muhibbah, 42700 Banting, Selangor.",,,1，7，10,,,2,,,雪兰莪
（瓜拉冷岳縣）金经达摩祖师古庙,,,,,1,,,2,,,雪兰莪
（瓜拉冷岳縣）九龙堂,Jiu Long Tang,,,,1，10,,,2,,,雪兰莪
（瓜拉冷岳縣）峇东巴西顺天宫,Shun Tian Gong,,,,1，10,,,2,,,雪兰莪
（瓜拉冷岳縣）坑口庙,,,,,,,,2,,,雪兰莪
（瓜拉冷岳縣）莲花宫,Lian Hua Gong,,,,1，10,,,2,,,雪兰莪
（瓜拉冷岳縣）联军庙,Lian Jun Temple,,,,1，10,,,1，2,,,雪兰莪
（瓜拉冷岳縣）琉璃山药师佛寺,,,,,,,,2,,,雪兰莪
（瓜拉冷岳縣）龙仙宫,,,,,1，10,,,2,,,雪兰莪
（瓜拉冷岳縣）摩立白马老师宫,Pak Mah Law See Kong,,,,1，7，10,,,2,,,雪兰莪
（瓜拉冷岳縣）摩立慈航堂,Cheh Ang Tong,,,,1，7，10,,,2,,,雪兰莪
（瓜拉冷岳縣）清兰宫,Qing Lan Gong,"5, Batu Laut, 42700 Banting, Selangor",,,1，7，10,,,2,,,雪兰莪
（瓜拉冷岳縣）清龙宫,Cheng Leng Keng,"Jalan Pelangi 1, Taman Pelangi, 42800 Tanjung Sepat, Selangor",,,1，7，10,,,2,,,雪兰莪
（瓜拉冷岳縣）三官庙,Sam Kuan Temple,,,,1，7，10,,,2,,,雪兰莪
（瓜拉冷岳縣）顺平宫,Tanjung Sepat Shun Tian Gong,"Jalan Pasar, Kawasan Tambahan Tanjung Sepat, 42800 Tanjung Sepat, Selangor",,,1，7，10,,,2,,,雪兰莪
（瓜拉冷岳縣）顺天宫,Tanjung Sepat Shun Ping Gong,"Kampung Batu Untung, 42800 Tanjong Sepat, Selangor",,,1，7，10,,,2,,,雪兰莪
（瓜拉冷岳縣）太阳庙,,,,,,,,2,,,雪兰莪
（瓜拉冷岳縣）天宝宫,Thean Poh Keong,,,,1，10,,,2,,,雪兰莪
（瓜拉冷岳縣）天后宫,,,,,,,,2,,,雪兰莪
（瓜拉冷岳縣）天令坛,Tian Lin Tan,,,,1，7，10,,,2,,,雪兰莪
（瓜拉冷岳縣）天圣坛,Tian Sheng Tan,,,,1，7，10,,,2,,,雪兰莪
（瓜拉冷岳縣）五雷仙法師公古廟,,,,,,,,2,,,雪兰莪
（瓜拉冷岳縣）五雷仙法師公古廟（天雷亭）,,,,,,,,2,,,雪兰莪
（瓜拉冷岳縣）新邦干宗福禄洞宫,Fu Lu Dong Gong,,,,1，10,,,2,,,雪兰莪
（瓜拉冷岳縣）新邦毛立碧云宫,Bi Yun Gong,,,,1，10,,,2,,,雪兰莪
（瓜拉冷岳縣）新港顺天宫,Sun Tian Gong,,,,1，10,,,2,,,雪兰莪
（瓜拉冷岳縣）雪兰莪丹绒士拔石云宫,Tanjung Sepat Shi Yun Gong,"165-A, Tanjung Sepat, 42800 Kuala Langat, Selangor",,,7,,,2,,,雪兰莪
（瓜拉冷岳縣）玉封忠义宫,Choong Yee Temple,"292, Lorong 6, 42800 Tanjung Sepat, Selangor",,,1，7，10,,,2,,,雪兰莪
（瓜拉冷岳縣）岳福寿宫,Hock Siew Temple,,,,1，10,,,2,,,雪兰莪
（瓜拉冷岳縣）忠义宫,Zhong Yi Gong,,,,1，10,,,2,,,雪兰莪
（瓜拉雪兰莪）Then Lam Keong Temple Ulu Yam Bharu,,,,,,,,2,,,雪兰莪
（瓜拉雪兰莪）八仙古庙,,,,,,,,1，2,,,雪兰莪
（瓜拉雪兰莪）巴眼巴西众位仙法师公庙,,,,,,,,2,,,雪兰莪
（瓜拉雪兰莪）凤山寺,Feng San Si,,8，9,,7，2，10,,,2,,,雪兰莪
（瓜拉雪兰莪）峇东新村众位仙法师公古庙,,,,,,,,2,,,雪兰莪
（瓜拉雪兰莪）明德佛堂,,,,,,,,1，2,,,雪兰莪
（瓜拉雪兰莪）拿督公庙,,,,,,,,1，2,10,,雪兰莪
（瓜拉雪兰莪）南天宫,,,,,,,,1，2,,,雪兰莪
（瓜拉雪兰莪）南音堂,Nam Yin Tong,,,,1，10,,,2,,,雪兰莪
（瓜拉雪兰莪）七剑仙师佛祖古庙,Qi Jian Xian Shi Fo Zu Temple,,,,1，10,,,2,,,雪兰莪
（瓜拉雪兰莪）孫太祖師壇,,,,,,,,1，2,,,雪兰莪
（瓜拉雪兰莪）天圣宫,Tian Sheng Gong,,,,10,,,2,,,雪兰莪
（瓜拉雪兰莪）万佛寺,,,,,,,,2,,,雪兰莪
（瓜拉雪兰莪）西灵宫,Xi Ling Gong,,,,1，10,,,2,,,雪兰莪
（瓜拉雪兰莪）仙法师公古庙,Sin Fatt Si Kong Temple,,,,10,,,2,,,雪兰莪
（瓜拉雪兰莪）依约联合拿督公,,,,,,,,1，2,,,雪兰莪
（瓜拉雪兰莪）依约天德宮,,,,,,,,1，2,,,雪兰莪
（瓜拉雪兰莪）振龙宫,,,,,,,,2,1，10,,雪兰莪
（瓜拉雪蘭莪縣）慈信坛,Chee Xin Tan,,,,1，7，10,,,2,,,雪兰莪
（瓜拉雪蘭莪縣）丹绒加弄協天宫,Tanjung Karang Hiap Tien Gong,"20, Jalan Malinja 4, Taman Malinja, 45500 Tanjung Karang, Selangor.",,,7,,,,,,雪兰莪
（瓜拉雪蘭莪縣）二支五祖庙,Wu Zu Temple,,,,10,,,2,,,雪兰莪
（瓜拉雪蘭莪縣）福顺宫,Hock Sun Keng,,,,1，10,,,2,,,雪兰莪
（瓜拉雪蘭莪縣）关帝庙,,,,,,,,2,,,雪兰莪
（瓜拉雪蘭莪縣）洪公宫,Ang Kong Temple,,,,1，10,,,2,,,雪兰莪
（瓜拉雪蘭莪縣）吉祥庵,Ji Xiang An,,,,1，10,,,2,,,雪兰莪
（瓜拉雪蘭莪縣）六支副天福宫,Thian Hock Temple,"128, Jalan Besar, 45500 Tanjung Karang, Selangor",8，9,,1，7，10,,,2,,,雪兰莪
（瓜拉雪蘭莪縣）六支玉皇太子殿,Tai Zhi Temple,"739, Batu 6, 45500 Tanjung Karang, Selangor.",,,1，7，10,,,2,,,雪兰莪
（瓜拉雪蘭莪縣）六支众位仙法师公古庙,,,,,,,,2,,,雪兰莪
（瓜拉雪蘭莪縣）龙尾景众位仙法师公古庙,,,,,,,,2,,,雪兰莪
（瓜拉雪蘭莪縣）平安宫,Ping Ann Keong,"D 161, Jalan Bagan Tanjung Karang, 45500 Tanjung Karang, Selangor.",,,1，7，10,,,2,,,雪兰莪
（瓜拉雪蘭莪縣）天宝宫,Tian Poh Kong,,,,1，10,,,2,,,雪兰莪
（瓜拉雪蘭莪縣）天德宫,Tian De Gong,,,,1，10,,,2,,,雪兰莪
（瓜拉雪蘭莪縣）天福宫,Tian Fu Gong,,,,1，10,,,2,,,雪兰莪
（瓜拉雪蘭莪縣）天富宫,,,,,,,,2,1，10,,雪兰莪
（瓜拉雪蘭莪縣）天清法宫,,,,,,,,1，2,,,雪兰莪
（瓜拉雪蘭莪縣）汶汀哥壩仙法師公古廟,,,,,,,,2,,,雪兰莪
（瓜拉雪蘭莪縣）西天宫,Xi Tian Gong,,,,1，10,,,2,,,雪兰莪
（瓜拉雪蘭莪縣）协天宫,Hiap Tien Gong,,,,1，10,,,2,,,雪兰莪
（沙白安南）德古魯港口仙法師公古廟,,,,,,,,2,,,雪兰莪
（沙白安南）扶保宫（拿督公庙）,,,,,,,,1，2,,,雪兰莪
（沙白安南）将军爷,,,,,,,,1，2,,,雪兰莪
（沙白安南）浅顶拿督公庙,,,,,,,,1，2,,,雪兰莪
（沙白安南）浅顶仙法師公古廟,,,,,,,,1，2,,,雪兰莪
（沙白安南）乌暹新沟乌暹港口仙法師公古廟,,,,,,,,1，2,,,雪兰莪
（沙白安南）新沟港口仙法師公古廟,,,,,,,,1，2,,,雪兰莪
（沙白安南）忠义庙,,,,,,,,1，2,,,雪兰莪
（沙白安南縣）八仙古庙,Pak Sen Ko Bio,,,,1，10,,,2,,,雪兰莪
（沙白安南縣）白鹤仙法师宫,Bai He Xian Fa Shi Gong,,,,1，10,,,2,,,雪兰莪
（沙白安南縣）白莲寺,Pek Lian Si,,,,1，10,,,2,,,雪兰莪
（沙白安南縣）保安宫,Bao An Gong,,,,1，10,,,2,,,雪兰莪
（沙白安南縣）大港白鹤仙法师宫,Sungai Besar Bai He Xian Fa Shi Gong,"47A, Jalan Tujuh, Bagan Sungai Besar, 45300 Sungai Besar, Selangor",,,7,,,,,,雪兰莪
（沙白安南縣）大港福顺宫,Sungai Besar Hock Soon Keong,"Jalan Bunga Anggerik, Taman Melati, 45300 Sungai Besar, Selangor",,,7,,,,,,雪兰莪
（沙白安南縣）大港善财童子庙,Sungai Besar Sian Chai Tong Zhi Temple,"32, Jalan 7, Bagan Sungai Besar, 45300 Sungai Besar, Selangor",,,7,,,,,,雪兰莪
（沙白安南縣）大港天德堂,Sungai Besar Tien Teck Tong,"14, Jalan 5, Bagan Sungai Besar, 45300 Sungai Besar, Selangor",,,7,,,,,,雪兰莪
（沙白安南縣）大港仙法师公古庙,Sungai Besar Fak Sua Kong Ku Mio,"Jalan 5, Bagan Sungai Besar, 45300 Sungai Besar, Selangor",,,1，7，10,,,,,,雪兰莪
（沙白安南縣）大港永安宫,Sungai Besar Eng Onn Kong,"Jalan Datuk Taiban, 45300 Sungai Besar, Selangor",,,7,,,,,,雪兰莪
（沙白安南縣）德教會紫沛閣,,,,,,,,1，2,,,雪兰莪
（沙白安南縣）福顺宫,Hock Soon Keong,,,,1，10,,,2,,,雪兰莪
（沙白安南縣）关帝庙,Kuan Ti Temple,,,,1，10,,,2,,,雪兰莪
（沙白安南縣）广泽尊王坛,Guang Ze Zun Wang Tan,,,,1，10,,,2,,,雪兰莪
（沙白安南縣）河边街天福宫,Thien Hock Kong,,,,1，10,,,2,,,雪兰莪
（沙白安南縣）河畔关帝庙,Guan Di Temple,,,,1，10,,,2,,,雪兰莪
（沙白安南縣）济公活佛庙,Ji Gong Huo Fo Temple,,,,1，10,,,2,,,雪兰莪
（沙白安南縣）篮啅庙,,,,,,,,2,1，10,,雪兰莪
（沙白安南縣）南佛光堂地母娘娘宫,Foh Guang Tang Di Mu Niang Niang Gong,,,,1，10,,,2,,,雪兰莪
（沙白安南縣）南海观音菩萨,Nan Hai Kuan Yin Temple,,,,1，10,,,2,,,雪兰莪
（沙白安南縣）南天宫九皇大帝,Nan Tian Gong Jiu Wang Ye,,,,1，10,,,2,,,雪兰莪
（沙白安南縣）派财四面佛天法宫,,,,,,,,1，2,,,雪兰莪
（沙白安南縣）释迦庵,Shi Jia An,,,,1，10,,,2,,,雪兰莪
（沙白安南縣）水尾圣娘庙,Hainam Swee Buey Ting Niang,,,,1，10,,,2,,,雪兰莪
（沙白安南縣）四仙师公庙,,,,,,,,2,1，10,,雪兰莪
（沙白安南縣）天德堂,Tien Teck Tong,,,,1，10,,,2,,,雪兰莪
（沙白安南縣）天法宫,Tian Fa Gong,,,,1，10,,,2,,,雪兰莪
（沙白安南縣）天福宫,Thean Hok Kion,,,,1，10,,,2,,,雪兰莪
（沙白安南縣）天福宫,Theam Hock Keong,,,,10,,,2,,,雪兰莪
（沙白安南縣）武圣坛,Wu Sheng Tan,,,,1，10,,,2,,,雪兰莪
（沙白安南縣）仙法师公古庙,Xian Fa Shi Gong Gu Miao,,,,10,,,2,1，10,,雪兰莪
（沙白安南縣）永安宫,Eng Onn Kong,,,,1，10,,,2,,,雪兰莪
（沙白安南縣）云仙坛,Yun Xian Tan,,,,1，10,,,2,,,雪兰莪
（沙白安南縣）镇龙宫,Zhen Long Gong,,,,10,,,2,,,雪兰莪
（沙白安南縣）祖师宫,Zu Shi Gong,,,,1，10,,,2,,,雪兰莪
（乌鲁冷岳）般若人文空间,,,,,7,,,1，2,,,雪兰莪
（乌鲁冷岳）大圣堂,Thai Sin Thong,,,,1，10,,,2,,,雪兰莪
（乌鲁冷岳）伏英馆,Fu Ying Guan,,,,1，10,,,2,,,雪兰莪
（乌鲁冷岳）加影净妙佛教协会,,,,,,,,1,,,雪兰莪
（乌鲁冷岳）加影瑶池宫,,,,,,,,1，2,,,雪兰莪
（乌鲁冷岳）利安庙,Lee Onn Temple,"79, Jalan Bukit Angkat, Bukit Angkat, 43000 Kajang, Selangor",,,7，10,,,1，2,,,雪兰莪
（乌鲁冷岳）靈惠廟,,,,,,,,1，2,,,雪兰莪
（乌鲁冷岳）南天宫九皇爷,Nan Tian Gong Kau Ong Yah,,,,10,,,1，2,,,雪兰莪
（乌鲁冷岳）菩提净宗学会,Amitabha,,,,,,,1,,,雪兰莪
（乌鲁冷岳）三宝宫,,,,,,,,1，2,,,雪兰莪
（乌鲁冷岳）三教庙,Sam Kau Temple,,,,1，7，10,,,2,,,雪兰莪
（乌鲁冷岳）三元天尊坛,,,,,,,,1，2,,,雪兰莪
（乌鲁冷岳）石哪督庙,,,,,,,,1，2,,,雪兰莪
（乌鲁冷岳）天福坛,,,,,,,,1，2,,,雪兰莪
（乌鲁冷岳）万泉宫,,,,,,,,1，2,,,雪兰莪
（乌鲁冷岳）无拉港玉皇庙,Balakong Yu Huang Temple,"34, Kampung Bahru Balakong, 43300 Seri Kembangan, Selangor.",,,7,,,1，2,,,雪兰莪
（乌鲁冷岳）星安廟,,,,,,,,1，2,,,雪兰莪
（乌鲁冷岳）玉皇庙,,,,,,,,1，2,,,雪兰莪
（乌鲁雪兰莪）Then Lam Keong Temple Ulu Yam Bharu,,,,,,,,1，2,,,雪兰莪
（乌鲁雪兰莪）Yu Xu Gong Temple,,,,,,,,1，2,,,雪兰莪
（乌鲁雪兰莪）福泉东山,,,,,,,,1，2,,,雪兰莪
（乌鲁雪兰莪）观音堂,,,,,,,,1，2,10,,雪兰莪
（乌鲁雪兰莪）叻思天公坛,,,,,,,,1，2,,,雪兰莪
（乌鲁雪兰莪）雷皇爷宫,,,,,,,,1，2,,,雪兰莪
（乌鲁雪兰莪）妈祖庙,,,,,,,,1，2,,,雪兰莪
（乌鲁雪兰莪）双文丹福灵宫,Hock Leng Keng Temple,,,,,,,1，2,,,雪兰莪
（乌鲁雪兰莪）四面佛,,,,,,,,1，2,,,雪兰莪
（烏魯冷岳縣）丰天宫,Hong Tian Temple,"Lot No. 2, Sungai Chua New Village, 43000 Kajang, Selangor",,,1，7，10,,,2,,,雪兰莪
（烏魯冷岳縣）凤山寺,Feng Shan Si,"Batu 16, Jalan Reko, 43000 Kajang, Selangor.",,,1，7，10,,,2,,,雪兰莪
（烏魯冷岳縣）观音亭,Kuan Yin Temple,"65, Jalan Bukit, 43000 Kajang, Selangor.",,,1，7，10,,,2,,,雪兰莪
（烏魯冷岳縣）魁镇庙,Kajang Kui Zhen Temple,"Lot 5791-A, Taman Sri Reko, Jalan Reko, 43000 Kajang, Selangor",,,1，7，10,,,2,,,雪兰莪
（烏魯冷岳縣）南海观音神仙,Nan Hai Guan Yin Shen Xian,,,,1，10,,,2,,,雪兰莪
（烏魯冷岳縣）三清宫,Sam Ching Kong,"Batu 14, Jalan Tekali, Sungai Makau, 43100 Ulu Langat, Selangor",,,1，7，10,,,2,,,雪兰莪
（烏魯冷岳縣）师爷宫,Shen Sze She Yak Temple,"Lot 22, 23, Jalan Mendaling, 43000 Kajang, Selangor.",,,1，7，10,,,2,,,雪兰莪
（烏魯冷岳縣）十八村桥边拿督公,,,,,,,,1，2,,,雪兰莪
（烏魯冷岳縣）仙四师爷宫,,,9,,7,,,1，2,1，10,,雪兰莪
（烏魯冷岳縣）仙四师爷庙,Ulu Langat Sze Yah Temple,"Lot 4785, Sungai Tekali, 43100 Ulu Langat, Selangor",,,1，7，10,,,2,,,雪兰莪
（烏魯冷岳縣）镇方寺、加影镇方寺,Tin Hong Sze,,,,1，10,,,1，2,,,雪兰莪
（烏魯雪蘭莪縣）福泉庙,,,,,,,,2,1，10,,雪兰莪
（烏魯雪蘭莪縣）观音阁,,,8，9,,7,,,2,1，10,,雪兰莪
（烏魯雪蘭莪縣）观音古寺,,,,,,,,2,1，10,,雪兰莪
（烏魯雪蘭莪縣）觀音堂 - 石挪督公,,,9,,7,,,,,,雪兰莪
（烏魯雪蘭莪縣）龙邦古庙,,,,,,,,2,1，10,,雪兰莪
（烏魯雪蘭莪縣）茅山法坛,,,,,,,,2,1，10,,雪兰莪
（烏魯雪蘭莪縣）南天宫,,,,,,,,2,1，10,,雪兰莪
（烏魯雪蘭莪縣）南镇宫,,,,,,,,2,1，10,,雪兰莪
（烏魯雪蘭莪縣）蓬莱殿,,,,,,,,2,1，10,,雪兰莪
（烏魯雪蘭莪縣）仙四师爷宫,,,,,,,,2,1，10,,雪兰莪
（烏魯雪蘭莪縣）岳山古庙（岳山师爷宫）,,,,,7,,,2,1，10,,雪兰莪
（雪邦） 观音宫,,,,,,,,1，2,,,雪兰莪
（雪邦） 红花亭,,,,,,,,1，2,,,雪兰莪
（雪邦） 将军府,,,,,,,,1，2,,,雪兰莪
（雪邦） 莲花三太子庙,,,,,,,,1，2,,,雪兰莪
（雪邦） 龙山亭大伯公庙,,,,,,,,1，2,,,雪兰莪
（雪邦） 龙溪阿依淡观音宫,,,,,,,,1，2,,,雪兰莪
（雪邦） 洛伽亭水尾圣娘庙,,,,,,,,1，2,,,雪兰莪
（雪邦） 青龙宫,,,,,,,,1，2,,,雪兰莪
（雪邦） 圣灵宫,,,,,,,,1，2,,,雪兰莪
（雪邦） 顺天宫,,,,,,,,1，2,,,雪兰莪
（雪邦） 天湖宫,,,,,10,,,1，2,,,雪兰莪
（雪邦） 天龙宫,,,,,,,,1，2,,,雪兰莪
（雪邦） 旺相堂,,,,,,,,1，2,,,雪兰莪
（雪邦） 玄天宫,,,,,,,,1，2,,,雪兰莪
（雪邦） 玄武宫,,,,,,,,1，2,,,雪兰莪
（雪邦）三一教,,,,,,,,1,,,雪兰莪
（北海）地藏庵,Dizang an,"Kampung Bagan Jermal, 12300 Butterworth, Penang",9,,,,,,,,槟城
（北海）广德宫,Guang De Gong Temple,"25, Bandar Perai Permatang Pauh,13500 Pulau Pinang, Pulau Pinang",8，9,,,,,,,,槟城
（北海）靈應社,Lingying she,"2227, 14, Jalan Raja Uda, Telok Air Tawar, 12300 Butterworth, Pulau Pinang",9,,,,,,,,槟城
（北海）天福宫,Tianfu gong,"Jalan Pantai Bersih, 13000 Butterworth, Pulau Pinang",9,,,,,,,,槟城
（槟城龙凤宫）鳳山寺,Fengshan si,"165-B, Jelutong Barat, Pulau Pinang.",9,,,,,,,,槟城
（槟岛）慈濟宫,Choo Chay Keong,"No 7, Armenian Street, Penang.",8，9,,,,,,,,槟城
（槟岛）大生佛堂,Dasheng fotang,,8，9,,,,,,,,槟城
（槟岛）海珠嶼大伯公廟,Tanjong Tokong Thai Pak Koong Temple,"336, Jalan Tokong Thai Pak Koong, Tanjung Tokong, 11200 Tanjung Bungah, Pulau Pinang",8，9,,,,,,,,槟城
（槟岛）胡靖古廟,Hujing gumiao,"41, Lebuh Muntri, George Town, 10450 George Town, Pulau Pinang",9,,,,,,,,槟城
（槟岛）清觀寺,Cheng Kon Sze Temple,"Jln TM Bukit Penara, Pulau Pinang",8，9,,,,,,,,槟城
（槟岛）邱氏宗祠龍山堂,Qiushi zongci longshantang,"18, Cannon Square, George Town, 10450 George Town, Pulau Pinang",9,,,,,,,,槟城
（槟岛）伍氏家廟,Wushi jiamiao,"40, Lebuh King, George Town, 10200 George Town, Pulau Pinang",9,,,,,,,,槟城
（槟岛）謝氏家塚,Xieshi jiazhong,,9,,,,,,,,槟城
（槟岛峇六拜）青雲巖（槟城蛇庙）,Snake Temple,"Jalan Sultan Azlan Shah, Bayan Lepas Industrial Park, 11900 Bayan Lepas, Pulau Pinang",8，9,,,,,,,,槟城
（槟岛蓮花閣）觀音寺,Guanyin si (lianhua ge),"296 B, West Jelutong, Penang.",9,,,,,,,,槟城
（槟岛乔治市）寶譽堂,Baoyu tang,"251, Jalan Burma, George Town, 10350 George Town, Pulau Pinang",8，9,,,,,,,,槟城
（槟岛乔治市）城隍廟,Seng Hong Beow Temple,"77-2-13, Jalan S.P.Chelliah, 10150 George Town, Pulau Pinang",8，9,,,,,,,,槟城
（槟岛乔治市）大伯公福德祠,Thai Pak Koong Temple,"32A, Lebuh King, Penang.",8，9,,,,,,,,槟城
（槟岛乔治市）大圓佛堂,Ta Yuen Foh Thang Temple,"212B, Jalan Macalister, 10300 Pulau Pinang, 10450 George Town, Pulau Pinang",8，9,,,,,,,,槟城
（槟岛乔治市）福壽宫,,"228A, Jalan Burma, Pulau Tikus, 10350 George Town, Pulau Pinang",8，9,,,,,,,,槟城
（槟岛乔治市）广福宫(廣福宮/觀音亭),Kuan Im Teng,"30, Jalan Masjid Kapitan Keling, George Town, 10200 George Town, Pulau Pinang",8，9,,,,,,,,槟城
（槟岛乔治市）開山王廟,Kai San Ong Temple,"265, Jalan Madrasah, Jelutong Timur, Pulau Pinang, Jalan Sultan Azlan Shah, 11600 George Town, Pulau Pinang",8，9,,,,,,,,槟城
（槟岛乔治市）劉關張趙廟,Koo Siang Wooi Koon Penang,"67, Lebuh King, George Town, 10200 George Town, Pulau Pinang",8，9,,,,,,,,槟城
（槟岛乔治市）六桂堂,Liuguitang,"45, Jalan Westlands, George Town, 10400 George Town, Pulau Pinang",9,,,,,,,,槟城
（槟岛乔治市）魯班古廟,Penang Loo Pun Hong,"70, Love Lane Georgetown, Penang.",8，9,,,,,,,,槟城
（槟岛乔治市）清龍宫,Qin Long Gong Temple,"Next 670-A, Jelutong Road, Penang.",8，9,,,,,,,,槟城
（槟岛乔治市）水美宫,Shuimei gong,"74, Jalan Bagan Jermal, 10470 Pulau Pinang, 10470 George Town, Pulau Pinang",9,,,,,,,,槟城
（槟岛亚依淡）極樂寺,Kek Lok Si Temple,"Kek Lok Si Temple, 11500 Air Itam, Penang",8，9,,,,,,,,槟城
（槟岛亚依淡）天公壇,Tien Kong Than Temple,"Thean Kong Thnuan Chinese Temple, Hill Raiway, Jalan Pokok Cherry, Penang.",8，9,,,,,,,,槟城
（大山脚）聖古廟,Shenggu miao,,9,,,,,,,,槟城
（大山脚伯公埕）伯公廟,Bogong miao,"Jalan Pasar, 14000 Bukit Mertajam, Pulau Pinang",9,,,,,,,,槟城
（高淵）福德祠,Fude ci,"Jalan Atas, Nibong Tebal, Seberang Perai Selatan, Penang.",9,,,,,,,,槟城
雷方邝宗祠溯源堂,,"1, Jalan Masjid, 10200 Pulau Pinang.",,,,,,,,7,槟城
梁氏家庙,,"65, Jalan Perak, 10150 Penang.",,,,,,,,7,槟城
（安順）福順宮,Fu shun gong,,9,,,,,,,,霹雳
（安順）廣東古廟,Guangdong gumiao,,9,,,,,,,,霹雳
（巴眼色海）聖古庙,Bagan Serai Shenggu Miao,"Jalan Besar, Kampung Alor Senggut, 34300 Bagan Serai, Perak",8，9,,,,,,,,霹雳
（邦咯島）昭應祠,Zhaoying ci,,8，9,,,,,,,,霹雳
（北沙叻）觀音廟,Guanyin miao,,9,,,,,,,,霹雳
（淡汶）何仙姑廟,Hexiangu miao,,9,,,,,,,,霹雳
（瓜拉江沙）昭惠廟,Chiau Hooi Chinese Temple,"37A, Jalan Taiping, 33000 Kuala Kangsar, Perak",8，9,,,,,,,,霹雳
（金寶）金寶古廟,Kampar Temple,"Kampung Masjid, 31900 Kampar, Perak",8，9,,,,,,,,霹雳
（太平）大善佛堂,Dashan fotang,,9,,,,,,,,霹雳
（太平）鳳山寺,Fengshan si,"Kampung Bengali, 34000 Taiping, Perak",9,,,,,,,,霹雳
（太平）福德祠,Fude ci,,9,,,,,,,,霹雳
（太平）檺林宮,Gaolin gong,"53, Jalan Raja Sulung Hulu, Taiping, Perak.",9,,,,,,,,霹雳
（太平）古武廟,Guwumiao,,9,,,,,,,,霹雳
（太平）何仙姑廟,Hexiangu miao,,9,,,,,,,,霹雳
（太平）和善堂,Heshan tang,,9,,,,,,,,霹雳
（太平）嶺南古廟,Lingnan gumiao,,9,,,,,,,,霹雳
（太平）明山佛堂,Mingshan fotang,,9,,,,,,,,霹雳
（太平）新港三王爷 - 粤东古庙,Sam Wong Yah Temple,,8，9,,,,,,,,霹雳
（太平马登） 绥靖伯庙,Taiping Matang Sui Jing Bo Miao,"Jalan Titi Kertang, Kampung Pekan Matang, 34750 Matang, Perak",8，9,,,,,,,,霹雳
（怡保）垻羅（大伯公）古廟,Paloh Koo Miu,"89-91, Jalan Bijeh Timah, 30000 Ipoh, Perak",8，9,,,,,,,,霹雳
（怡保）水月宫（观音庙）,Shui Yue Gong Temple,"3, Jalan Sultan Idris Shah, Kampong Jawa, 30000 Ipoh, Perak",8，9,,,,,,,,霹雳
（吉隆坡）大覺華寺,Da juehua si,"Jalan Senjolong, Taman Pertama, 55300 Kuala Lumpur, Wilayah Persekutuan Kuala Lumpur",9,,,,,,,,吉隆坡
（吉隆坡）登彼岸,Dharma Realm Guan Yin Sagely Monastery,"Jalan Ampang, Kuala Lumpur, 50450 Kuala Lumpur, Wilayah Persekutuan Kuala Lumpur",8，9,,,,,,,,吉隆坡
（吉隆坡）觀音堂 [紫雲洞],Guanyin Tang,,9,,,,,,,,吉隆坡
（吉隆坡）觀音亭,Kuan Yin Temple,,8，9,,,,,,,,吉隆坡
（吉隆坡）積善堂,Jishan tang,,9,,,,,,,,吉隆坡
（吉隆坡）雷王廟,Leiwang miao,,9,,,,,,,,吉隆坡
（吉隆坡）蓮花庵,Lianhua an,,9,,,,,,,,吉隆坡
（吉隆坡）蓮林,Lianlin,,9,,,,,,,,吉隆坡
（吉隆坡）霖田祖廟,Lintian zumiao,,9,,,,,,,,吉隆坡
（吉隆坡）彌陀巖,Mituo yan,,9,,,,,,,,吉隆坡
（吉隆坡）明法堂,Mingfa tang,,9,,,,,,,,吉隆坡
（吉隆坡）南天宫,Nan Tian Chinese Temple,,8，9,,,,,,,,吉隆坡
（吉隆坡）七寶禪寺 [慈雲山],Qibao chansi,"Wilayah Persekutuan Kuala Lumpur, Kuala Lumpur, Jalan Sungai Besi, Batu",9,,,,,,,,吉隆坡
（吉隆坡）千佛寺,Qianfo si,"Chin Foot Sze Temple, Jalan Kerayong, Wilayah Persekutuan50460 Kuala Lumpur, Federal Territory of Kuala Lumpur",9,,,,,,,,吉隆坡
（吉隆坡）譚公仙聖廟,Tangong xiansheng miao,"Lot 9416, Jalan Jambu Berasa 2, Jinjang Selatan, Kuala Lumpur.",9,,,,,,,,吉隆坡
（吉隆坡）譚公仙師廟,Tangong xianshi miao,,9,,,,,,,,吉隆坡
（吉隆坡）天后宮,Thean Hou Temple,"65, Persiaran Endah, Taman Persiaran Desa, 50460 Kuala Lumpur, Wilayah Persekutuan Kuala Lumpur",8，9,,,,,,,,吉隆坡
（吉隆坡）仙四師爺宮,Xian sishiye gong,"113A, Jalan Tun H S Lee, City Centre, 50050 Kuala Lumpur, Wilayah Persekutuan Kuala Lumpur",9,,,,,,,,吉隆坡
（吉隆坡）中马六桂堂,Central Malaysia Liu Kwee Tang Clansmen,"124- C, Jalan Imbi 55100 Kuala Lumpur.",,,,,,,,5,吉隆坡
（吉隆坡）鍾呂仙師廟,Zhong Lv xianshi miao,,9,,,,,,,,吉隆坡
吉隆坡黄老仙师慈忠庙,,,,,,,,,,5,吉隆坡
（马六甲怡力）勇全殿,Ong Kah Yong Temple,"195, Jalan Parameswara, Bandar Hilir, Melaka.",8，9,,,,,,,,马六甲
保安宫,Poh Onn Kong Temple,"152, Jalan Bunga Raya, Melaka.",8，9,,,,,,,,马六甲
寶山亭,Sam Po Keng Temple,"Jalan Puteri Hang Li Poh, Bukit Cina, 75100 Melaka",8，9,,,,,,,,马六甲
大伯公祠,Dabogong ci,"41, Jalan Tukang Besi, 75200 Melaka",9,,,,,,,,马六甲
觀音堂,Kwan Yin Tang Temple,"133, Jalan Hang Jebat, 75200 Melaka",8，9,,,,,,,,马六甲
廣福宫,Guangfu gong,"1, Lorong Masjid, Melaka.",8，9,,,,,,,,马六甲
廣福寺,Guangfu si,,9,,,,,,,,马六甲
和勝宫,Hesheng gong,,9,,,,,,,,马六甲
湖海殿,Huhai dian,"13, Jalan Kampung Pantai, 75200 Melaka",8，9,,,,,,,,马六甲
華德宫,Huade gong,"4, Kampung Tiga Off, Jalan Portugis, Melaka.",8，9,,,,,,,,马六甲
靈山亭,Lingshan ting,,8，9,,,,,,,,马六甲
青雲亭,Cheng Hoon Teng Temple,"25, Jalan Tokong, Kampung Dua, 75200 Melaka",8，9,,,,,,,,马六甲
清華宫,Qinghua gong,"Km 5,Kandang,75460 Melaka.",9,,,,,,,,马六甲
清華宫 [朱府王爺],Cheng Wah Keong Temple,,8,,,,,,,,马六甲
三寶山,Bukit Cina,"Jalan Puteri Hang Li Poh, Bukit Cina, 75100 Melaka",8，9,,,,,,,,马六甲
三多廟,Melaka San Duo Temple,"41, Jalan Tukang Besi, 75200 Melaka",8，9,,,,,,,,马六甲
天德宫,Tiande gong,"118, Jalan Hang Jebat, 75200 Melaka",8，9,,,,,,,,马六甲
玉虚宫,Geok Hu Keng,"2½, 75200, Malacca",8，9,,,,,,,,马六甲
（芙蓉）千古廟 [仙四师爷],Qiangu miao,"Batu ½, Jalan Rasah, 70300 Seremban, Negeri Sembilan.",9,,,,,,,,森美兰
（芙蓉）譚公仙聖廟,Tangong xiansheng miao,"41, Jalan Kapitan Tam Yeong, Taman Sim, 70000 Seremban, Negeri Sembilan",9,,,,,,,,森美兰
（芙蓉）天公五老觀,Tiangong wulao guan,,9,,,,,,,,森美兰
（芙蓉）天师爺宮,Tian shiye miao,"Bukit Jung, Jalan Temiang, Seremban, Negeri Sembilan.",9,,,,,,,,森美兰
（芙蓉）紫竹（竺）亭,Zizhu ting,"2562, Jln Tun Dr. Ismail, Seremban, 70200 Seremban, Negeri Sembilan",9,,,,,,,,森美兰
（瓜拉比朥）牌坊,,,9,,,,,,,,森美兰
（瓜拉比朥）三聖宫,San Sheng Gong Chinese Temple,"Taman Pilah Jaya, 72000 Kuala Pilah, Negeri Sembilan",8，9,,,,,,,,森美兰
（巴株峇哈）普陀寺,Putuo si,,9,,,,,,,,柔佛
（笨珍）大伯公宫,Dabogong gong,,9,,,,,,,,柔佛
（豐順港）福顺廟,Fushun miao,"Jalan Jemaluang, Mersing Kechil, 86800 Mersing, Johor",9,,,,,,,,柔佛
（哥打丁宜）天后宫,Tianhou gong,"Jalan Bypass Kota Tinggi, Kota Tinggi, Johor.",9,,,,,,z`,,柔佛
（麻坡）新觀音堂,Xin guanyin tang,,9,,,,,,,,柔佛
（昔加末）慈光亭,Ciguang ting,"1, Jalan Genuang, Kampung Abdullah, 85000 Segamat, Johor",9,,,,,,,,柔佛
（新山）柔佛古廟,Johor Old Chinese Temple,,8，9,,,,,,,,柔佛
（新文龍）靈福宫,Lingfu gong,"Jalan Kampung Sungai Ayam Laut, 83200 Senggarang, Johor",9,,,,,,,,柔佛
（北根）伯公廟,Bogongmiao,,9,,,,,,,,彭亨
（淡馬魯）天后宫,Tianhou gong,"No 67,Kampung Baru,28000 Temerloh,Pahang.",9,,,,,,,,彭亨
（都赖路）觀音堂,Guanyin Tang,"8, Taman Raub Jaya 6/1, Taman Raub Jaya 6, 27600 Raub, Pahang",9,,,,,,,,彭亨
（關丹）地母廟,Dimu miao,,9,,,,,,,,彭亨
（關丹）廣福廟,Guangfu miao,"Jalan Bukit Setongkol, Kampung Jalan Corry, 25200 Kuantan, Pahang",9,,,,,,,,彭亨
（關丹）瓊州 [公] 廟,Qiongzhou （gong）miao,,9,,,,,,,,彭亨
（立卑）天后宫,Thean Hou Temple (1898),"65，Persiaran Endah, Taman Persiaran Desa,50460 Kuala Lumpur,Wilayah Persekutuan Kuala Lumpur",8，9,,,,,,,,彭亨
（彭亨）古城堂,,"P3, Tingkat 2 Taman Dahlia Ketari,28700 Bentong, Pahang.",,,,,,,,5,彭亨
（文冬）廣福廟,Guangfu miao,"6, Jalan Loke Yew, 28700 Bentong, Pahang",9,,,,,,,,彭亨
（巴東色海）慶興廟,Qingxing miao,"30, 176, Kampung Pering, 06100 Kodiang, Kedah",9,,,,,,,,吉打
（浮羅交怡）啅公宫,Zhuogong gong,,9,,,,,,,,吉打
（吉打居林）廣福宫,Guangfu gong,"292, Jalan Market, Kulim, Kedah.",9,,,,,,,,吉打
（雙溪大年）福德祠,Fudeci,,9,,,,,,,,吉打
（亞羅士打）觀音亭,Guanyin ting,,9,,,,8,,,,吉打
（亞羅士打）廣福宫,Guangfu gong,"Pekan Simpang Kuala, Alor Star, Kedah.",9,,,,,,,,吉打
（亞羅士打）藍啅公廟,Lanzhuo gong miao,,9,,,,,,,,吉打
（哥打峇汝）聖春宮 [赤脚妈祖庙],Shengchun gong,"Kampung Tokong, 16450 Ketereh, Kelantan",9,,,,,,,,吉兰丹
（哥打峇汝）鎭興宮 [吉蘭丹唐人坡],Zhenxing gong,"Jalan Kampung Cina, Bandar Kota Bharu, 15300 Kota Bharu, Kelantan",9,,,,,,,,吉兰丹
